event_id,user_id,course_id,skill_id,event_type,completion_pct,score,occurred_at
evt_000001,user_0001,course_054,figma_basics,completed,99.3,83.0,2026-02-20
evt_000002,user_0001,course_445,ui_design_principles,completed,94.1,67.6,2026-02-03
evt_000003,user_0002,course_103,digital_marketing_fundamentals,dropped,27.6,,2026-02-13
evt_000004,user_0002,course_529,seo_fundamentals,completed,94.1,58.7,2026-02-21
evt_000005,user_0003,course_003,python_basics,completed,96.8,77.1,2026-02-08
evt_000006,user_0003,course_011,sql_basics,completed,89.3,82.0,2026-02-17
evt_000007,user_0003,course_045,excel_basics,completed,86.2,78.1,2026-02-03
evt_000008,user_0005,course_002,python_basics,completed,86.3,71.3,2026-02-27
evt_000009,user_0005,course_013,sql_basics,dropped,29.6,,2026-03-13
evt_000010,user_0007,course_004,python_basics,completed,90.4,46.7,2026-01-15
evt_000011,user_0007,course_049,r_basics,completed,87.1,40.0,2026-01-19
evt_000012,user_0007,course_116,python_advanced,completed,97.5,92.4,2026-01-28
evt_000013,user_0007,course_123,pandas_numpy,completed,94.0,45.0,2026-02-13
evt_000014,user_0007,course_130,statistics,completed,95.8,37.8,2026-02-26
evt_000015,user_0007,course_132,statistical_modeling_r,completed,96.3,85.9,2026-03-06
evt_000016,user_0007,course_137,data_wrangling,completed,96.8,93.8,2026-03-11
evt_000017,user_0007,course_155,machine_learning,completed,89.2,59.8,2026-03-19
evt_000018,user_0007,course_157,deep_learning,completed,94.1,91.7,2026-03-05
evt_000019,user_0008,course_003,python_basics,completed,95.7,68.5,2026-01-13
evt_000020,user_0008,course_011,sql_basics,completed,91.7,68.4,2026-01-26
evt_000021,user_0008,course_041,excel_basics,completed,98.3,95.5,2026-01-02
evt_000022,user_0008,course_049,r_basics,completed,90.8,40.3,2026-02-11
evt_000023,user_0008,course_123,pandas_numpy,completed,94.7,86.4,2026-02-13
evt_000024,user_0008,course_128,statistics,completed,97.5,84.3,2026-02-27
evt_000025,user_0008,course_145,power_bi,completed,85.3,49.0,2026-02-28
evt_000026,user_0008,course_150,tableau,completed,96.6,50.4,2026-03-09
evt_000027,user_0008,course_132,statistical_modeling_r,completed,94.3,39.1,2026-03-16
evt_000028,user_0008,course_139,data_wrangling,completed,94.5,72.4,2026-03-26
evt_000029,user_0008,course_153,machine_learning,dropped,17.3,,2026-03-05
evt_000030,user_0009,course_001,python_basics,completed,86.0,69.2,2026-02-18
evt_000031,user_0009,course_050,r_basics,dropped,35.6,,2026-02-27
evt_000032,user_0009,course_119,python_advanced,completed,85.2,86.3,2026-03-05
evt_000033,user_0009,course_121,pandas_numpy,completed,96.4,43.7,2026-03-18
evt_000034,user_0009,course_128,statistics,completed,97.5,79.5,2026-03-04
evt_000035,user_0010,course_002,python_basics,completed,99.2,37.4,2026-02-05
evt_000036,user_0010,course_017,html_css_basics,completed,89.7,60.9,2026-02-06
evt_000037,user_0010,course_059,manual_testing,dropped,27.6,,2026-02-11
evt_000038,user_0010,course_106,jira_basics,completed,89.1,87.0,2026-02-25
evt_000039,user_0010,course_429,test_automation,completed,99.3,57.0,2026-03-09
evt_000040,user_0010,course_234,javascript_basics,completed,92.8,87.1,2026-03-15
evt_000041,user_0010,course_241,react_basics,completed,97.3,70.5,2026-03-22
evt_000042,user_0010,course_251,frontend_testing,completed,89.6,74.2,2026-03-28
evt_000043,user_0011,course_094,salesforce_basics,completed,95.9,94.3,2026-02-06
evt_000044,user_0011,course_549,salesforce_apex,completed,96.9,38.7,2026-02-11
evt_000045,user_0012,course_008,git_basics,completed,95.2,96.9,2026-02-24
evt_000046,user_0012,course_025,docker_basics,completed,85.5,39.4,2026-03-07
evt_000047,user_0012,course_028,linux_basics,completed,93.5,74.3,2026-03-13
evt_000048,user_0012,course_283,kubernetes_basics,completed,86.2,44.0,2026-03-19
evt_000049,user_0012,course_288,cloud_aws_basics,completed,99.4,36.7,2026-03-02
evt_000050,user_0012,course_305,ci_cd_basics,completed,86.8,85.4,2026-04-09
evt_000051,user_0012,course_312,ansible_basics,completed,98.7,66.9,2026-04-19
evt_000052,user_0012,course_306,jenkins_basics,completed,95.7,99.8,2026-04-27
evt_000053,user_0012,course_323,infrastructure_as_code,completed,86.0,70.2,2026-05-10
evt_000054,user_0013,course_002,python_basics,completed,95.5,46.3,2026-03-14
evt_000055,user_0013,course_012,sql_basics,completed,96.9,50.4,2026-03-16
evt_000056,user_0013,course_023,docker_basics,completed,92.0,98.9,2026-03-25
evt_000057,user_0013,course_026,linux_basics,completed,100.0,81.7,2026-03-27
evt_000058,user_0013,course_264,rest_apis,completed,86.9,55.6,2026-04-13
evt_000059,user_0013,course_269,databases_basics,completed,86.9,88.9,2026-04-24
evt_000060,user_0013,course_290,cloud_aws_basics,completed,86.9,67.7,2026-04-27
evt_000061,user_0014,course_037,agile_basics,completed,89.8,81.1,2026-02-03
evt_000062,user_0014,course_075,stakeholder_management,completed,88.8,76.3,2026-03-08
evt_000063,user_0014,course_107,jira_basics,completed,93.0,67.7,2026-03-19
evt_000064,user_0014,course_440,scrum_facilitation,completed,94.4,93.6,2026-03-22
evt_000065,user_0015,course_005,python_basics,completed,85.4,38.0,2026-01-23
evt_000066,user_0015,course_015,sql_basics,completed,96.5,62.1,2026-01-28
evt_000067,user_0015,course_204,data_pipelines,completed,94.6,54.6,2026-02-11
evt_000068,user_0015,course_209,spark_basics,completed,95.3,45.3,2026-02-16
evt_000069,user_0015,course_214,data_warehousing,completed,87.2,91.0,2026-02-20
evt_000070,user_0015,course_218,etl_orchestration,dropped,18.0,,2026-02-27
evt_000071,user_0016,course_007,git_basics,dropped,20.7,,2026-02-16
evt_000072,user_0016,course_476,embedded_c_basics,completed,98.0,62.2,2026-02-21
evt_000073,user_0017,course_008,git_basics,completed,87.8,45.4,2026-03-12
evt_000074,user_0018,course_003,python_basics,dropped,38.1,,2026-02-10
evt_000075,user_0018,course_012,sql_basics,completed,85.7,53.3,2026-02-14
evt_000076,user_0018,course_064,security_fundamentals,completed,97.7,63.0,2026-02-19
evt_000077,user_0019,course_004,python_basics,dropped,6.8,,2026-02-25
evt_000078,user_0019,course_118,python_advanced,completed,90.8,64.3,2026-03-06
evt_000079,user_0019,course_130,statistics,completed,86.9,41.3,2026-03-17
evt_000080,user_0019,course_138,data_wrangling,completed,96.3,47.9,2026-03-26
evt_000081,user_0019,course_155,machine_learning,dropped,9.8,,2026-03-27
evt_000082,user_0019,course_159,deep_learning,completed,94.1,68.5,2026-04-08
evt_000083,user_0019,course_180,llm_applications,completed,99.9,83.1,2026-04-14
evt_000084,user_0019,course_198,prompt_engineering,completed,93.0,81.1,2026-04-23
evt_000085,user_0020,course_101,digital_marketing_fundamentals,completed,86.6,62.1,2026-01-26
evt_000086,user_0020,course_526,seo_fundamentals,completed,99.5,85.9,2026-02-08
evt_000087,user_0020,course_535,google_analytics,completed,93.8,46.1,2026-02-12
evt_000088,user_0020,course_540,google_ads,completed,87.2,79.2,2026-02-25
evt_000089,user_0021,course_016,html_css_basics,dropped,16.0,,2026-01-07
evt_000090,user_0021,course_232,javascript_basics,completed,94.2,65.7,2026-01-14
evt_000091,user_0021,course_236,typescript_basics,dropped,12.3,,2026-01-26
evt_000092,user_0021,course_244,react_basics,completed,99.4,64.9,2026-02-07
evt_000093,user_0021,course_250,state_management,completed,98.0,79.2,2026-02-13
evt_000094,user_0021,course_253,frontend_testing,completed,99.4,53.1,2026-02-23
evt_000095,user_0022,course_003,python_basics,completed,88.1,80.8,2026-02-05
evt_000096,user_0022,course_048,r_basics,completed,96.9,52.8,2026-02-14
evt_000097,user_0022,course_120,python_advanced,completed,90.9,57.4,2026-02-21
evt_000098,user_0022,course_122,pandas_numpy,dropped,38.4,,2026-02-26
evt_000099,user_0022,course_129,statistics,completed,92.2,48.1,2026-03-09
evt_000100,user_0022,course_135,statistical_modeling_r,completed,86.6,83.2,2026-03-21
evt_000101,user_0022,course_136,data_wrangling,completed,88.4,50.1,2026-03-04
evt_000102,user_0022,course_153,machine_learning,completed,95.2,43.9,2026-04-16
evt_000103,user_0023,course_074,stakeholder_management,completed,96.3,53.7,2026-03-12
evt_000104,user_0023,course_096,erp_fundamentals,dropped,25.1,,2026-03-25
evt_000105,user_0023,course_551,sap_basics,completed,97.6,95.7,2026-03-28
evt_000106,user_0025,course_012,sql_basics,completed,98.9,92.0,2026-02-10
evt_000107,user_0025,course_270,databases_basics,dropped,39.4,,2026-02-20
evt_000108,user_0025,course_395,database_administration,completed,99.1,90.3,2026-02-01
evt_000109,user_0025,course_397,database_tuning,dropped,10.7,,2026-03-14
evt_000110,user_0026,course_007,git_basics,completed,96.9,71.9,2026-02-03
evt_000111,user_0026,course_477,embedded_c_basics,completed,98.5,88.8,2026-02-13
evt_000112,user_0026,course_491,robotics_fundamentals,completed,87.8,44.1,2026-02-20
evt_000113,user_0026,course_497,ros_basics,completed,88.5,84.0,2026-02-21
evt_000114,user_0027,course_005,python_basics,completed,90.4,50.4,2026-01-23
evt_000115,user_0027,course_124,pandas_numpy,completed,95.3,95.0,2026-01-28
evt_000116,user_0028,course_001,python_basics,completed,89.4,75.0,2026-03-05
evt_000117,user_0028,course_082,technical_writing,completed,96.2,74.4,2026-03-13
evt_000118,user_0028,course_265,rest_apis,completed,97.0,88.7,2026-03-21
evt_000119,user_0028,course_525,api_documentation,completed,92.9,69.3,2026-04-07
evt_000120,user_0029,course_035,networking_basics,dropped,24.2,,2026-01-26
evt_000121,user_0029,course_065,security_fundamentals,dropped,16.5,,2026-02-07
evt_000122,user_0029,course_356,network_administration,completed,93.7,40.9,2026-02-18
evt_000123,user_0029,course_361,network_security,dropped,19.5,,2026-02-26
evt_000124,user_0030,course_039,agile_basics,completed,95.8,60.7,2026-02-20
evt_000125,user_0030,course_072,stakeholder_management,dropped,19.8,,2026-02-02
evt_000126,user_0030,course_110,jira_basics,completed,86.0,95.7,2026-02-03
evt_000127,user_0030,course_439,scrum_facilitation,completed,96.5,98.6,2026-03-06
evt_000128,user_0033,course_019,html_css_basics,dropped,38.7,,2026-02-04
evt_000129,user_0034,course_003,python_basics,completed,93.1,69.4,2026-01-11
evt_000130,user_0034,course_007,git_basics,dropped,5.8,,2026-01-25
evt_000131,user_0034,course_025,docker_basics,completed,97.4,51.1,2026-02-04
evt_000132,user_0034,course_028,linux_basics,completed,95.9,42.3,2026-02-08
evt_000133,user_0034,course_129,statistics,completed,98.3,36.0,2026-02-18
evt_000134,user_0034,course_261,rest_apis,dropped,25.9,,2026-02-28
evt_000135,user_0034,course_281,kubernetes_basics,completed,91.0,50.2,2026-02-04
evt_000136,user_0034,course_286,cloud_aws_basics,completed,89.3,88.0,2026-03-07
evt_000137,user_0034,course_303,ci_cd_basics,completed,95.1,55.8,2026-03-17
evt_000138,user_0034,course_137,data_wrangling,completed,91.2,52.9,2026-03-28
evt_000139,user_0034,course_155,machine_learning,completed,94.4,62.8,2026-04-12
evt_000140,user_0034,course_163,mlops_basics,completed,96.8,55.7,2026-04-23
evt_000141,user_0034,course_167,model_monitoring,completed,96.3,65.8,2026-04-28
evt_000142,user_0034,course_193,model_serving,completed,97.1,94.5,2026-05-14
evt_000143,user_0035,course_009,git_basics,completed,90.8,51.6,2026-02-17
evt_000144,user_0035,course_476,embedded_c_basics,completed,86.4,82.1,2026-02-25
evt_000145,user_0035,course_483,rtos_basics,completed,94.0,91.8,2026-02-04
evt_000146,user_0035,course_490,hardware_interfacing,completed,88.3,48.6,2026-03-16
evt_000147,user_0036,course_001,python_basics,completed,99.4,42.6,2026-03-07
evt_000148,user_0038,course_007,git_basics,completed,93.3,85.4,2026-02-24
evt_000149,user_0038,course_030,linux_basics,completed,88.9,68.3,2026-03-07
evt_000150,user_0038,course_301,ci_cd_basics,completed,92.0,89.6,2026-03-20
evt_000151,user_0039,course_016,html_css_basics,completed,96.1,36.1,2026-02-06
evt_000152,user_0039,course_235,javascript_basics,completed,89.4,47.8,2026-02-16
evt_000153,user_0039,course_240,typescript_basics,completed,93.3,96.3,2026-02-02
evt_000154,user_0039,course_244,react_basics,completed,92.4,45.9,2026-03-14
evt_000155,user_0039,course_247,state_management,completed,92.3,94.6,2026-03-17
evt_000156,user_0039,course_251,frontend_testing,dropped,34.6,,2026-03-26
evt_000157,user_0040,course_036,agile_basics,dropped,9.8,,2026-03-18
evt_000158,user_0040,course_066,product_discovery,completed,88.3,64.6,2026-03-02
evt_000159,user_0040,course_075,stakeholder_management,completed,85.2,69.6,2026-04-10
evt_000160,user_0040,course_106,jira_basics,completed,93.0,53.6,2026-04-19
evt_000161,user_0040,course_434,product_roadmapping,completed,87.7,94.7,2026-04-04
evt_000162,user_0041,course_017,html_css_basics,completed,97.2,52.4,2026-02-16
evt_000163,user_0041,course_233,javascript_basics,completed,88.6,80.3,2026-02-23
evt_000164,user_0041,course_236,typescript_basics,completed,94.7,37.1,2026-03-06
evt_000165,user_0041,course_244,react_basics,completed,94.6,80.7,2026-03-15
evt_000166,user_0041,course_249,state_management,completed,93.5,90.8,2026-03-26
evt_000167,user_0041,course_255,frontend_testing,completed,98.5,80.0,2026-03-27
evt_000168,user_0042,course_016,html_css_basics,completed,89.2,70.3,2026-02-11
evt_000169,user_0042,course_022,docker_basics,completed,99.4,73.2,2026-02-25
evt_000170,user_0042,course_234,javascript_basics,completed,93.5,71.8,2026-02-27
evt_000171,user_0042,course_285,kubernetes_basics,completed,96.1,86.4,2026-03-05
evt_000172,user_0042,course_241,react_basics,completed,90.2,41.3,2026-03-14
evt_000173,user_0042,course_326,monitoring_observability,completed,94.2,73.7,2026-03-20
evt_000174,user_0043,course_003,python_basics,completed,92.4,58.1,2026-02-06
evt_000175,user_0044,course_020,html_css_basics,completed,96.6,54.2,2026-02-11
evt_000176,user_0044,course_021,docker_basics,completed,90.7,86.0,2026-02-13
evt_000177,user_0044,course_234,javascript_basics,completed,86.4,96.3,2026-02-19
evt_000178,user_0044,course_283,kubernetes_basics,dropped,11.6,,2026-02-21
evt_000179,user_0044,course_245,react_basics,completed,85.4,58.0,2026-02-02
evt_000180,user_0044,course_330,monitoring_observability,completed,90.8,54.0,2026-03-15
evt_000181,user_0044,course_256,web_performance,completed,98.6,98.6,2026-03-27
evt_000182,user_0045,course_004,python_basics,dropped,15.5,,2026-02-12
evt_000183,user_0045,course_021,docker_basics,completed,91.3,66.5,2026-02-15
evt_000184,user_0045,course_118,python_advanced,completed,92.4,75.1,2026-02-19
evt_000185,user_0045,course_122,pandas_numpy,dropped,18.8,,2026-02-24
evt_000186,user_0045,course_129,statistics,completed,91.6,63.0,2026-03-09
evt_000187,user_0045,course_265,rest_apis,completed,94.0,80.2,2026-03-12
evt_000188,user_0045,course_137,data_wrangling,completed,89.4,80.2,2026-03-19
evt_000189,user_0045,course_155,machine_learning,completed,90.6,88.1,2026-03-04
evt_000190,user_0045,course_156,deep_learning,completed,100.0,46.7,2026-04-14
evt_000191,user_0045,course_161,mlops_basics,completed,95.6,63.5,2026-04-26
evt_000192,user_0045,course_171,pytorch,completed,96.9,78.7,2026-05-12
evt_000193,user_0045,course_178,llm_applications,completed,87.3,62.5,2026-05-16
evt_000194,user_0045,course_194,model_serving,completed,91.0,67.9,2026-05-26
evt_000195,user_0046,course_026,linux_basics,completed,95.5,87.8,2026-02-02
evt_000196,user_0046,course_031,networking_basics,completed,94.9,58.1,2026-02-04
evt_000197,user_0046,course_086,it_support_fundamentals,completed,95.2,61.0,2026-03-14
evt_000198,user_0046,course_354,systems_administration,dropped,14.1,,2026-03-16
evt_000199,user_0047,course_005,python_basics,completed,88.3,59.3,2026-02-15
evt_000200,user_0047,course_025,docker_basics,completed,90.2,36.6,2026-02-27
evt_000201,user_0047,course_124,pandas_numpy,dropped,37.9,,2026-02-01
evt_000202,user_0047,course_128,statistics,completed,88.1,66.4,2026-03-07
evt_000203,user_0047,course_264,rest_apis,completed,89.8,54.5,2026-03-19
evt_000204,user_0047,course_286,cloud_aws_basics,completed,94.7,79.0,2026-03-20
evt_000205,user_0047,course_137,data_wrangling,completed,87.4,71.4,2026-03-01
evt_000206,user_0048,course_002,python_basics,completed,91.5,36.9,2026-01-18
evt_000207,user_0048,course_012,sql_basics,completed,90.8,80.8,2026-01-26
evt_000208,user_0048,course_201,data_pipelines,dropped,35.5,,2026-02-08
evt_000209,user_0048,course_213,data_warehousing,completed,88.9,91.1,2026-02-12
evt_000210,user_0048,course_228,data_governance,completed,90.9,42.4,2026-02-22
evt_000211,user_0049,course_005,python_basics,completed,95.6,54.3,2026-01-26
evt_000212,user_0049,course_011,sql_basics,dropped,9.1,,2026-02-09
evt_000213,user_0049,course_017,html_css_basics,completed,92.7,62.2,2026-02-15
evt_000214,user_0049,course_264,rest_apis,completed,94.5,80.1,2026-02-22
evt_000215,user_0049,course_267,databases_basics,completed,89.3,47.2,2026-02-03
evt_000216,user_0049,course_235,javascript_basics,completed,99.3,66.5,2026-02-04
evt_000217,user_0049,course_274,backend_frameworks,completed,92.4,79.5,2026-03-13
evt_000218,user_0049,course_279,system_design,completed,93.5,86.7,2026-03-21
evt_000219,user_0049,course_241,react_basics,completed,89.3,85.7,2026-03-26
evt_000220,user_0049,course_249,state_management,completed,93.6,52.4,2026-04-07
evt_000221,user_0050,course_003,python_basics,completed,85.6,81.7,2026-02-16
evt_000222,user_0050,course_024,docker_basics,completed,94.8,51.1,2026-02-18
evt_000223,user_0051,course_103,digital_marketing_fundamentals,completed,91.6,99.6,2026-01-17
evt_000224,user_0051,course_527,seo_fundamentals,completed,93.8,57.8,2026-01-21
evt_000225,user_0051,course_534,google_analytics,completed,96.8,87.9,2026-01-24
evt_000226,user_0052,course_033,networking_basics,completed,93.1,56.0,2026-03-05
evt_000227,user_0052,course_088,it_support_fundamentals,completed,97.9,99.1,2026-03-15
evt_000228,user_0053,course_002,python_basics,completed,98.8,99.5,2026-02-01
evt_000229,user_0054,course_027,linux_basics,dropped,16.3,,2026-01-13
evt_000230,user_0054,course_034,networking_basics,dropped,27.1,,2026-01-21
evt_000231,user_0054,course_314,ansible_basics,dropped,32.8,,2026-01-01
evt_000232,user_0054,course_354,systems_administration,completed,95.4,92.0,2026-02-10
evt_000233,user_0056,course_101,digital_marketing_fundamentals,completed,94.5,80.3,2026-02-05
evt_000234,user_0057,course_032,networking_basics,completed,92.4,56.0,2026-02-02
evt_000235,user_0057,course_065,security_fundamentals,dropped,34.8,,2026-03-12
evt_000236,user_0057,course_356,network_administration,dropped,32.4,,2026-03-13
evt_000237,user_0057,course_361,network_security,completed,91.8,99.5,2026-03-27
evt_000238,user_0058,course_032,networking_basics,completed,98.1,92.0,2026-02-11
evt_000239,user_0058,course_063,security_fundamentals,dropped,28.3,,2026-02-16
evt_000240,user_0058,course_356,network_administration,completed,95.9,84.1,2026-02-23
evt_000241,user_0058,course_361,network_security,dropped,12.5,,2026-03-07
evt_000242,user_0059,course_007,git_basics,completed,85.1,80.2,2026-01-14
evt_000243,user_0059,course_479,embedded_c_basics,dropped,7.5,,2026-01-26
evt_000244,user_0059,course_491,robotics_fundamentals,completed,98.2,43.9,2026-01-28
evt_000245,user_0059,course_497,ros_basics,completed,87.1,69.5,2026-02-11
evt_000246,user_0060,course_037,agile_basics,completed,88.2,83.6,2026-01-09
evt_000247,user_0061,course_007,git_basics,completed,87.1,43.0,2026-02-14
evt_000248,user_0061,course_478,embedded_c_basics,completed,87.1,53.0,2026-02-21
evt_000249,user_0061,course_485,rtos_basics,completed,94.1,85.6,2026-02-03
evt_000250,user_0061,course_488,hardware_interfacing,completed,92.6,83.6,2026-03-07
evt_000251,user_0062,course_002,python_basics,completed,88.6,76.5,2026-01-27
evt_000252,user_0062,course_011,sql_basics,completed,87.0,91.0,2026-02-05
evt_000253,user_0062,course_063,security_fundamentals,completed,96.4,97.0,2026-02-14
evt_000254,user_0062,course_201,data_pipelines,dropped,14.2,,2026-02-24
evt_000255,user_0062,course_371,identity_access_management,completed,89.3,81.3,2026-03-09
evt_000256,user_0062,course_214,data_warehousing,completed,94.6,69.9,2026-03-21
evt_000257,user_0062,course_226,data_governance,dropped,37.2,,2026-03-26
evt_000258,user_0063,course_003,python_basics,completed,96.4,77.2,2026-02-03
evt_000259,user_0063,course_008,git_basics,completed,99.3,50.5,2026-03-15
evt_000260,user_0063,course_014,sql_basics,completed,94.1,55.1,2026-03-17
evt_000261,user_0063,course_022,docker_basics,dropped,9.8,,2026-03-19
evt_000262,user_0063,course_029,linux_basics,completed,96.7,81.8,2026-03-25
evt_000263,user_0063,course_262,rest_apis,completed,89.0,92.6,2026-04-09
evt_000264,user_0063,course_266,databases_basics,completed,89.1,39.2,2026-04-15
evt_000265,user_0063,course_285,kubernetes_basics,dropped,20.9,,2026-04-26
evt_000266,user_0063,course_289,cloud_aws_basics,completed,90.5,51.6,2026-05-12
evt_000267,user_0063,course_305,ci_cd_basics,completed,88.4,68.1,2026-05-23
evt_000268,user_0063,course_276,system_design,dropped,17.7,,2026-05-27
evt_000269,user_0065,course_004,python_basics,completed,91.2,81.8,2026-02-03
evt_000270,user_0065,course_006,git_basics,completed,92.5,93.6,2026-03-13
evt_000271,user_0065,course_025,docker_basics,completed,86.0,65.2,2026-03-14
evt_000272,user_0065,course_028,linux_basics,dropped,21.0,,2026-03-20
evt_000273,user_0065,course_128,statistics,completed,96.1,50.8,2026-03-02
evt_000274,user_0065,course_264,rest_apis,completed,96.0,70.5,2026-04-15
evt_000275,user_0065,course_282,kubernetes_basics,completed,85.4,70.2,2026-04-16
evt_000276,user_0065,course_286,cloud_aws_basics,dropped,28.0,,2026-04-22
evt_000277,user_0065,course_303,ci_cd_basics,completed,99.7,62.3,2026-04-24
evt_000278,user_0066,course_021,docker_basics,completed,98.5,68.8,2026-01-11
evt_000279,user_0066,course_028,linux_basics,completed,86.3,41.2,2026-01-19
evt_000280,user_0066,course_284,kubernetes_basics,completed,85.9,78.1,2026-01-21
evt_000281,user_0066,course_288,cloud_aws_basics,completed,98.9,60.5,2026-01-26
evt_000282,user_0066,course_318,terraform_basics,completed,88.5,96.3,2026-02-04
evt_000283,user_0067,course_005,python_basics,completed,87.5,65.3,2026-01-11
evt_000284,user_0067,course_015,sql_basics,completed,88.1,55.0,2026-01-17
evt_000285,user_0067,course_201,data_pipelines,completed,95.3,88.7,2026-01-19
evt_000286,user_0067,course_206,spark_basics,completed,89.9,40.9,2026-01-23
evt_000287,user_0067,course_213,data_warehousing,completed,95.2,51.9,2026-01-02
evt_000288,user_0069,course_010,git_basics,dropped,8.6,,2026-02-03
evt_000289,user_0069,course_476,embedded_c_basics,dropped,32.3,,2026-02-04
evt_000290,user_0069,course_482,rtos_basics,completed,95.3,95.9,2026-03-18
evt_000291,user_0069,course_490,hardware_interfacing,completed,86.1,99.8,2026-03-23
evt_000292,user_0071,course_001,python_basics,completed,90.0,37.8,2026-02-15
evt_000293,user_0071,course_012,sql_basics,completed,95.9,67.2,2026-02-25
evt_000294,user_0071,course_019,html_css_basics,completed,98.6,52.9,2026-02-28
evt_000295,user_0071,course_262,rest_apis,completed,94.3,77.1,2026-02-01
evt_000296,user_0071,course_270,databases_basics,dropped,14.8,,2026-03-09
evt_000297,user_0071,course_232,javascript_basics,completed,92.9,76.0,2026-03-20
evt_000298,user_0071,course_271,backend_frameworks,completed,90.4,70.4,2026-03-27
evt_000299,user_0071,course_280,system_design,completed,89.1,36.7,2026-04-08
evt_000300,user_0071,course_241,react_basics,completed,85.9,99.4,2026-04-21
evt_000301,user_0071,course_250,state_management,completed,86.5,77.7,2026-04-25
evt_000302,user_0072,course_001,python_basics,completed,88.3,90.0,2026-02-03
evt_000303,user_0072,course_013,sql_basics,completed,87.6,50.4,2026-02-17
evt_000304,user_0072,course_063,security_fundamentals,dropped,29.5,,2026-02-27
evt_000305,user_0073,course_002,python_basics,completed,98.2,67.0,2026-02-23
evt_000306,user_0073,course_014,sql_basics,dropped,13.1,,2026-02-24
evt_000307,user_0073,course_265,rest_apis,dropped,37.1,,2026-02-04
evt_000308,user_0073,course_267,databases_basics,completed,98.8,89.9,2026-03-10
evt_000309,user_0073,course_271,backend_frameworks,completed,98.8,85.3,2026-03-13
evt_000310,user_0073,course_278,system_design,completed,99.1,60.7,2026-03-15
evt_000311,user_0074,course_003,python_basics,completed,96.0,63.4,2026-01-10
evt_000312,user_0074,course_014,sql_basics,completed,95.6,71.5,2026-01-21
evt_000313,user_0075,course_002,python_basics,completed,87.6,54.9,2026-02-23
evt_000314,user_0075,course_012,sql_basics,completed,99.2,96.7,2026-02-26
evt_000315,user_0075,course_205,data_pipelines,completed,89.8,87.6,2026-02-27
evt_000316,user_0075,course_210,spark_basics,completed,87.1,83.4,2026-02-01
evt_000317,user_0075,course_213,data_warehousing,completed,99.4,88.4,2026-02-04
evt_000318,user_0075,course_218,etl_orchestration,dropped,12.3,,2026-03-12
evt_000319,user_0076,course_013,sql_basics,dropped,5.0,,2026-02-02
evt_000320,user_0076,course_269,databases_basics,completed,92.4,59.6,2026-03-05
evt_000321,user_0076,course_391,database_administration,completed,98.0,77.3,2026-03-19
evt_000322,user_0076,course_397,database_tuning,dropped,34.6,,2026-03-27
evt_000323,user_0077,course_003,python_basics,dropped,11.0,,2026-01-21
evt_000324,user_0077,course_011,sql_basics,completed,99.7,57.0,2026-01-02
evt_000325,user_0078,course_001,python_basics,completed,87.5,92.8,2026-03-09
evt_000326,user_0078,course_011,sql_basics,completed,87.8,80.3,2026-03-15
evt_000327,user_0078,course_045,excel_basics,completed,89.5,41.2,2026-03-20
evt_000328,user_0078,course_050,r_basics,completed,85.8,35.2,2026-03-06
evt_000329,user_0078,course_125,pandas_numpy,completed,85.4,46.1,2026-04-14
evt_000330,user_0078,course_126,statistics,completed,89.6,60.8,2026-04-22
evt_000331,user_0078,course_143,power_bi,completed,90.8,59.1,2026-04-24
evt_000332,user_0078,course_147,tableau,dropped,20.4,,2026-04-04
evt_000333,user_0078,course_133,statistical_modeling_r,dropped,31.3,,2026-05-14
evt_000334,user_0078,course_136,data_wrangling,completed,93.1,98.1,2026-05-25
evt_000335,user_0078,course_155,machine_learning,completed,97.3,62.2,2026-05-26
evt_000336,user_0079,course_009,git_basics,completed,92.1,40.1,2026-02-17
evt_000337,user_0080,course_055,figma_basics,completed,95.2,75.3,2026-02-27
evt_000338,user_0080,course_079,ux_research,completed,87.5,48.8,2026-02-02
evt_000339,user_0080,course_111,miro_basics,dropped,28.9,,2026-03-09
evt_000340,user_0080,course_442,ui_design_principles,completed,89.8,82.3,2026-03-23
evt_000341,user_0080,course_446,prototyping,completed,93.3,90.7,2026-03-02
evt_000342,user_0081,course_006,git_basics,completed,93.8,85.8,2026-02-19
evt_000343,user_0081,course_022,docker_basics,completed,93.7,97.7,2026-02-22
evt_000344,user_0081,course_026,linux_basics,completed,96.8,91.4,2026-02-04
evt_000345,user_0082,course_004,python_basics,completed,94.1,37.4,2026-03-12
evt_000346,user_0082,course_012,sql_basics,completed,95.4,37.5,2026-03-22
evt_000347,user_0083,course_016,html_css_basics,completed,89.0,59.2,2026-02-06
evt_000348,user_0083,course_233,javascript_basics,completed,92.4,80.3,2026-02-11
evt_000349,user_0083,course_237,typescript_basics,completed,96.2,85.3,2026-02-14
evt_000350,user_0083,course_244,react_basics,completed,87.8,48.7,2026-02-24
evt_000351,user_0083,course_249,state_management,completed,90.6,38.7,2026-03-09
evt_000352,user_0083,course_251,frontend_testing,completed,91.1,85.7,2026-03-14
evt_000353,user_0085,course_002,python_basics,dropped,6.2,,2026-01-16
evt_000354,user_0085,course_008,git_basics,completed,90.5,65.2,2026-01-28
evt_000355,user_0085,course_021,docker_basics,dropped,18.0,,2026-02-11
evt_000356,user_0085,course_027,linux_basics,completed,93.3,57.4,2026-02-25
evt_000357,user_0085,course_128,statistics,completed,86.4,36.8,2026-03-09
evt_000358,user_0085,course_265,rest_apis,completed,97.9,77.1,2026-03-22
evt_000359,user_0085,course_283,kubernetes_basics,completed,85.3,85.7,2026-03-05
evt_000360,user_0085,course_286,cloud_aws_basics,completed,94.7,74.1,2026-04-13
evt_000361,user_0085,course_303,ci_cd_basics,completed,89.6,97.9,2026-04-23
evt_000362,user_0085,course_139,data_wrangling,completed,91.9,49.2,2026-04-02
evt_000363,user_0085,course_155,machine_learning,completed,93.8,35.5,2026-05-16
evt_000364,user_0086,course_005,python_basics,completed,89.2,79.5,2026-03-09
evt_000365,user_0086,course_008,git_basics,completed,97.9,52.0,2026-03-14
evt_000366,user_0086,course_013,sql_basics,dropped,31.8,,2026-03-18
evt_000367,user_0088,course_003,python_basics,dropped,5.9,,2026-03-07
evt_000368,user_0088,course_013,sql_basics,completed,91.1,82.9,2026-03-12
evt_000369,user_0088,course_045,excel_basics,completed,95.9,49.5,2026-03-26
evt_000370,user_0088,course_049,r_basics,completed,89.5,46.0,2026-04-09
evt_000371,user_0088,course_125,pandas_numpy,completed,92.1,83.2,2026-04-12
evt_000372,user_0088,course_130,statistics,completed,99.2,93.5,2026-04-25
evt_000373,user_0088,course_142,power_bi,completed,98.1,62.3,2026-04-03
evt_000374,user_0089,course_028,linux_basics,completed,92.1,91.3,2026-02-04
evt_000375,user_0089,course_035,networking_basics,completed,87.9,42.8,2026-02-06
evt_000376,user_0089,course_315,ansible_basics,completed,98.1,44.8,2026-02-11
evt_000377,user_0090,course_005,python_basics,dropped,35.2,,2026-01-02
evt_000378,user_0090,course_016,html_css_basics,completed,99.8,55.4,2026-02-10
evt_000379,user_0090,course_059,manual_testing,completed,96.6,72.5,2026-02-15
evt_000380,user_0090,course_106,jira_basics,completed,94.5,61.2,2026-02-18
evt_000381,user_0091,course_005,python_basics,completed,99.3,93.0,2026-01-01
evt_000382,user_0091,course_035,networking_basics,dropped,5.1,,2026-02-05
evt_000383,user_0091,course_062,security_fundamentals,completed,89.7,41.7,2026-02-17
evt_000384,user_0091,course_263,rest_apis,dropped,6.6,,2026-02-20
evt_000385,user_0092,course_005,python_basics,completed,98.3,99.7,2026-02-11
evt_000386,user_0092,course_014,sql_basics,completed,87.5,93.9,2026-02-17
evt_000387,user_0092,course_021,docker_basics,completed,99.8,48.7,2026-02-21
evt_000388,user_0092,course_030,linux_basics,dropped,29.9,,2026-02-24
evt_000389,user_0092,course_264,rest_apis,completed,93.0,38.2,2026-03-07
evt_000390,user_0093,course_006,git_basics,completed,91.3,59.7,2026-02-16
evt_000391,user_0093,course_479,embedded_c_basics,completed,95.4,76.0,2026-02-28
evt_000392,user_0093,course_481,rtos_basics,completed,94.3,80.5,2026-03-11
evt_000393,user_0093,course_486,hardware_interfacing,completed,86.8,42.4,2026-03-20
evt_000394,user_0094,course_020,html_css_basics,completed,97.5,98.3,2026-01-11
evt_000395,user_0094,course_104,digital_marketing_fundamentals,completed,93.2,94.2,2026-01-16
evt_000396,user_0094,course_234,javascript_basics,completed,85.2,40.8,2026-01-22
evt_000397,user_0094,course_535,google_analytics,completed,99.2,85.7,2026-02-05
evt_000398,user_0094,course_541,ab_testing,completed,91.9,98.5,2026-02-10
evt_000399,user_0095,course_011,sql_basics,completed,85.6,53.9,2026-02-03
evt_000400,user_0095,course_268,databases_basics,completed,86.4,84.3,2026-02-10
evt_000401,user_0095,course_392,database_administration,completed,89.9,93.1,2026-02-21
evt_000402,user_0097,course_018,html_css_basics,dropped,19.0,,2026-01-09
evt_000403,user_0097,course_104,digital_marketing_fundamentals,completed,97.0,77.2,2026-01-21
evt_000404,user_0097,course_231,javascript_basics,completed,85.9,96.3,2026-01-24
evt_000405,user_0097,course_534,google_analytics,completed,93.5,63.5,2026-02-06
evt_000406,user_0097,course_543,ab_testing,dropped,29.0,,2026-02-16
evt_000407,user_0098,course_027,linux_basics,completed,86.7,61.7,2026-03-06
evt_000408,user_0098,course_033,networking_basics,completed,95.6,79.1,2026-03-17
evt_000409,user_0098,course_090,it_support_fundamentals,completed,99.7,78.5,2026-03-01
evt_000410,user_0098,course_355,systems_administration,completed,86.4,78.0,2026-04-13
evt_000411,user_0099,course_034,networking_basics,completed,93.4,99.2,2026-01-19
evt_000412,user_0099,course_087,it_support_fundamentals,completed,97.8,91.5,2026-01-28
evt_000413,user_0100,course_003,python_basics,completed,89.2,68.0,2026-01-09
evt_000414,user_0100,course_014,sql_basics,completed,86.2,63.9,2026-01-16
evt_000415,user_0100,course_021,docker_basics,completed,89.7,98.7,2026-01-02
evt_000416,user_0100,course_071,stakeholder_management,completed,85.5,70.7,2026-02-04
evt_000417,user_0100,course_265,rest_apis,completed,98.4,71.6,2026-02-14
evt_000418,user_0100,course_269,databases_basics,completed,85.8,49.5,2026-02-20
evt_000419,user_0100,course_290,cloud_aws_basics,completed,92.1,77.7,2026-03-05
evt_000420,user_0100,course_276,system_design,completed,88.3,57.2,2026-03-07
evt_000421,user_0100,course_338,cloud_architecture,completed,95.5,38.0,2026-03-16
evt_000422,user_0101,course_004,python_basics,completed,87.9,42.8,2026-01-13
evt_000423,user_0102,course_017,html_css_basics,completed,96.4,38.0,2026-01-26
evt_000424,user_0102,course_235,javascript_basics,completed,91.8,77.8,2026-01-28
evt_000425,user_0104,course_006,git_basics,completed,97.6,66.4,2026-01-10
evt_000426,user_0104,course_022,docker_basics,completed,96.0,43.3,2026-01-22
evt_000427,user_0104,course_030,linux_basics,completed,92.6,60.0,2026-02-04
evt_000428,user_0105,course_002,python_basics,completed,90.1,54.1,2026-03-08
evt_000429,user_0105,course_032,networking_basics,completed,98.3,68.3,2026-03-15
evt_000430,user_0105,course_090,it_support_fundamentals,completed,96.1,71.0,2026-03-01
evt_000431,user_0105,course_262,rest_apis,completed,95.3,94.9,2026-04-11
evt_000432,user_0108,course_003,python_basics,dropped,17.3,,2026-01-24
evt_000433,user_0108,course_025,docker_basics,completed,95.1,93.1,2026-02-07
evt_000434,user_0108,course_124,pandas_numpy,dropped,8.7,,2026-02-20
evt_000435,user_0108,course_126,statistics,dropped,14.3,,2026-02-03
evt_000436,user_0108,course_263,rest_apis,completed,97.6,79.9,2026-03-14
evt_000437,user_0108,course_290,cloud_aws_basics,completed,91.8,75.0,2026-03-15
evt_000438,user_0108,course_140,data_wrangling,completed,94.7,60.3,2026-03-01
evt_000439,user_0108,course_153,machine_learning,completed,98.9,60.2,2026-04-13
evt_000440,user_0109,course_030,linux_basics,dropped,13.8,,2026-02-17
evt_000441,user_0109,course_034,networking_basics,completed,94.5,81.1,2026-02-03
evt_000442,user_0109,course_090,it_support_fundamentals,completed,87.9,82.1,2026-03-12
evt_000443,user_0109,course_354,systems_administration,completed,86.1,97.6,2026-03-15
evt_000444,user_0110,course_104,digital_marketing_fundamentals,completed,93.3,43.5,2026-02-21
evt_000445,user_0110,course_528,seo_fundamentals,completed,95.6,45.1,2026-02-22
evt_000446,user_0110,course_533,google_analytics,dropped,37.6,,2026-02-04
evt_000447,user_0111,course_028,linux_basics,completed,93.3,39.7,2026-02-20
evt_000448,user_0111,course_035,networking_basics,completed,92.8,86.1,2026-02-24
evt_000449,user_0111,course_315,ansible_basics,completed,90.2,92.4,2026-03-05
evt_000450,user_0111,course_353,systems_administration,completed,99.3,75.2,2026-03-11
evt_000451,user_0113,course_051,figma_basics,completed,91.7,93.8,2026-02-27
evt_000452,user_0113,course_445,ui_design_principles,completed,95.2,55.9,2026-02-03
evt_000453,user_0114,course_003,python_basics,completed,85.4,68.6,2026-03-14
evt_000454,user_0114,course_015,sql_basics,completed,92.3,54.3,2026-03-27
evt_000455,user_0114,course_018,html_css_basics,dropped,8.4,,2026-04-08
evt_000456,user_0115,course_001,python_basics,dropped,28.5,,2026-03-05
evt_000457,user_0115,course_014,sql_basics,dropped,23.8,,2026-03-19
evt_000458,user_0115,course_019,html_css_basics,completed,86.1,79.6,2026-03-02
evt_000459,user_0115,course_263,rest_apis,dropped,6.9,,2026-03-03
evt_000460,user_0115,course_270,databases_basics,completed,88.4,51.8,2026-03-05
evt_000461,user_0115,course_234,javascript_basics,completed,90.8,42.7,2026-04-12
evt_000462,user_0115,course_275,backend_frameworks,completed,93.8,80.6,2026-04-14
evt_000463,user_0115,course_280,system_design,completed,95.3,74.4,2026-04-16
evt_000464,user_0115,course_244,react_basics,completed,94.9,65.8,2026-04-23
evt_000465,user_0115,course_247,state_management,completed,97.0,70.5,2026-04-07
evt_000466,user_0116,course_003,python_basics,completed,93.3,43.0,2026-02-14
evt_000467,user_0116,course_120,python_advanced,completed,99.2,54.8,2026-02-21
evt_000468,user_0116,course_128,statistics,completed,94.7,68.3,2026-02-25
evt_000469,user_0116,course_137,data_wrangling,completed,87.9,46.8,2026-03-07
evt_000470,user_0116,course_151,machine_learning,completed,99.9,70.7,2026-03-21
evt_000471,user_0116,course_156,deep_learning,completed,88.8,47.8,2026-03-26
evt_000472,user_0116,course_178,llm_applications,dropped,27.9,,2026-03-04
evt_000473,user_0116,course_200,prompt_engineering,completed,89.8,64.3,2026-03-06
evt_000474,user_0117,course_005,python_basics,completed,90.5,55.6,2026-02-15
evt_000475,user_0117,course_006,git_basics,completed,88.3,83.1,2026-02-21
evt_000476,user_0117,course_023,docker_basics,completed,90.0,66.2,2026-02-24
evt_000477,user_0117,course_028,linux_basics,completed,87.6,74.4,2026-02-04
evt_000478,user_0117,course_127,statistics,completed,96.0,75.7,2026-03-13
evt_000479,user_0117,course_261,rest_apis,completed,85.5,72.8,2026-03-27
evt_000480,user_0117,course_285,kubernetes_basics,completed,93.3,70.3,2026-03-03
evt_000481,user_0118,course_007,git_basics,completed,98.4,73.3,2026-02-09
evt_000482,user_0119,course_105,digital_marketing_fundamentals,completed,92.5,78.1,2026-01-11
evt_000483,user_0119,course_530,seo_fundamentals,completed,92.7,64.0,2026-01-22
evt_000484,user_0119,course_535,google_analytics,completed,87.2,82.6,2026-02-05
evt_000485,user_0120,course_017,html_css_basics,completed,85.9,59.0,2026-03-18
evt_000486,user_0120,course_102,digital_marketing_fundamentals,completed,90.4,65.5,2026-03-27
evt_000487,user_0120,course_231,javascript_basics,completed,89.9,80.7,2026-03-28
evt_000488,user_0120,course_533,google_analytics,completed,93.7,72.1,2026-04-14
evt_000489,user_0120,course_544,ab_testing,completed,98.5,40.1,2026-04-20
evt_000490,user_0121,course_002,python_basics,completed,97.3,57.4,2026-01-26
evt_000491,user_0121,course_035,networking_basics,completed,87.1,45.8,2026-01-27
evt_000492,user_0121,course_088,it_support_fundamentals,completed,87.4,74.1,2026-02-03
evt_000493,user_0121,course_262,rest_apis,completed,95.8,66.3,2026-02-10
evt_000494,user_0122,course_010,git_basics,completed,91.2,50.8,2026-02-06
evt_000495,user_0122,course_020,html_css_basics,dropped,22.9,,2026-02-09
evt_000496,user_0123,course_028,linux_basics,completed,91.1,98.0,2026-01-13
evt_000497,user_0123,course_033,networking_basics,completed,94.1,65.6,2026-01-15
evt_000498,user_0123,course_087,it_support_fundamentals,completed,87.1,72.9,2026-01-01
evt_000499,user_0123,course_355,systems_administration,completed,87.5,79.6,2026-02-12
evt_000500,user_0124,course_005,python_basics,completed,90.8,42.1,2026-03-06
evt_000501,user_0124,course_010,git_basics,completed,87.2,41.3,2026-03-17
evt_000502,user_0124,course_015,sql_basics,dropped,32.4,,2026-03-27
evt_000503,user_0124,course_021,docker_basics,completed,87.0,74.2,2026-03-01
evt_000504,user_0124,course_029,linux_basics,completed,98.1,80.3,2026-04-10
evt_000505,user_0124,course_264,rest_apis,completed,90.3,87.3,2026-04-23
evt_000506,user_0125,course_006,git_basics,dropped,21.7,,2026-03-05
evt_000507,user_0125,course_461,game_engine_basics,completed,93.2,51.8,2026-03-10
evt_000508,user_0125,course_466,gameplay_programming,completed,92.8,59.4,2026-03-20
evt_000509,user_0125,course_473,graphics_programming,completed,87.3,77.4,2026-03-27
evt_000510,user_0126,course_005,python_basics,completed,94.2,99.5,2026-01-24
evt_000511,user_0126,course_012,sql_basics,completed,93.4,46.6,2026-02-03
evt_000512,user_0126,course_264,rest_apis,completed,93.7,85.3,2026-02-08
evt_000513,user_0126,course_267,databases_basics,completed,86.8,49.9,2026-02-22
evt_000514,user_0126,course_272,backend_frameworks,completed,91.0,57.0,2026-02-24
evt_000515,user_0126,course_276,system_design,completed,94.5,87.3,2026-02-27
evt_000516,user_0127,course_010,git_basics,dropped,14.2,,2026-02-04
evt_000517,user_0127,course_020,html_css_basics,completed,99.0,61.0,2026-03-05
evt_000518,user_0127,course_413,swift_basics,completed,85.9,85.3,2026-03-17
evt_000519,user_0127,course_424,mobile_ui_patterns,dropped,34.8,,2026-03-25
evt_000520,user_0128,course_001,python_basics,completed,92.7,50.1,2026-02-19
evt_000521,user_0128,course_011,sql_basics,completed,85.0,45.2,2026-02-25
evt_000522,user_0129,course_024,docker_basics,completed,92.8,82.9,2026-02-01
evt_000523,user_0129,course_026,linux_basics,completed,97.4,94.5,2026-03-10
evt_000524,user_0129,course_283,kubernetes_basics,completed,87.9,95.4,2026-03-14
evt_000525,user_0129,course_288,cloud_aws_basics,completed,86.6,39.7,2026-03-17
evt_000526,user_0129,course_316,terraform_basics,completed,88.9,70.0,2026-03-02
evt_000527,user_0130,course_019,html_css_basics,completed,96.5,84.2,2026-02-02
evt_000528,user_0131,course_005,python_basics,dropped,9.1,,2026-02-16
evt_000529,user_0131,course_117,python_advanced,completed,97.0,61.8,2026-02-27
evt_000530,user_0131,course_125,pandas_numpy,completed,89.0,53.7,2026-02-28
evt_000531,user_0131,course_128,statistics,completed,87.7,55.4,2026-02-02
evt_000532,user_0131,course_140,data_wrangling,completed,96.2,95.5,2026-03-07
evt_000533,user_0131,course_152,machine_learning,completed,98.1,48.4,2026-03-11
evt_000534,user_0131,course_157,deep_learning,completed,87.3,41.9,2026-03-25
evt_000535,user_0133,course_095,salesforce_basics,completed,90.6,55.5,2026-02-05
evt_000536,user_0135,course_002,python_basics,completed,89.2,49.4,2026-03-13
evt_000537,user_0135,course_006,git_basics,completed,92.2,70.1,2026-03-22
evt_000538,user_0135,course_024,docker_basics,completed,87.6,98.5,2026-04-08
evt_000539,user_0135,course_029,linux_basics,completed,85.2,48.7,2026-04-14
evt_000540,user_0135,course_128,statistics,completed,88.9,70.7,2026-04-20
evt_000541,user_0135,course_264,rest_apis,completed,87.8,62.6,2026-04-02
evt_000542,user_0135,course_283,kubernetes_basics,completed,89.2,46.7,2026-04-08
evt_000543,user_0135,course_290,cloud_aws_basics,completed,86.5,52.5,2026-05-19
evt_000544,user_0135,course_304,ci_cd_basics,completed,87.2,97.3,2026-05-05
evt_000545,user_0135,course_136,data_wrangling,completed,87.0,93.1,2026-05-08
evt_000546,user_0135,course_155,machine_learning,completed,92.3,51.3,2026-06-20
evt_000547,user_0136,course_007,git_basics,completed,88.8,89.5,2026-01-05
evt_000548,user_0136,course_463,game_engine_basics,completed,93.4,95.6,2026-01-10
evt_000549,user_0136,course_466,gameplay_programming,dropped,35.4,,2026-01-17
evt_000550,user_0137,course_075,stakeholder_management,completed,89.3,56.1,2026-01-16
evt_000551,user_0137,course_099,erp_fundamentals,completed,89.3,76.1,2026-01-18
evt_000552,user_0137,course_552,sap_basics,completed,90.1,76.0,2026-01-01
evt_000553,user_0138,course_006,git_basics,completed,88.4,55.6,2026-02-11
evt_000554,user_0138,course_478,embedded_c_basics,completed,89.1,63.9,2026-02-21
evt_000555,user_0139,course_005,python_basics,completed,87.8,36.5,2026-02-04
evt_000556,user_0139,course_013,sql_basics,completed,86.2,45.8,2026-02-16
evt_000557,user_0139,course_041,excel_basics,completed,85.4,60.8,2026-02-24
evt_000558,user_0139,course_046,r_basics,completed,87.3,77.6,2026-02-26
evt_000559,user_0140,course_003,python_basics,completed,87.0,89.5,2026-01-28
evt_000560,user_0140,course_013,sql_basics,completed,98.0,65.4,2026-02-14
evt_000561,user_0141,course_029,linux_basics,completed,95.5,46.5,2026-03-07
evt_000562,user_0141,course_035,networking_basics,completed,94.6,55.1,2026-03-14
evt_000563,user_0141,course_315,ansible_basics,completed,91.6,58.8,2026-03-18
evt_000564,user_0141,course_353,systems_administration,dropped,33.5,,2026-03-19
evt_000565,user_0142,course_028,linux_basics,completed,95.3,67.0,2026-03-07
evt_000566,user_0142,course_033,networking_basics,completed,97.0,73.8,2026-03-08
evt_000567,user_0142,course_090,it_support_fundamentals,completed,98.2,63.4,2026-03-14
evt_000568,user_0142,course_354,systems_administration,completed,88.9,62.4,2026-03-28
evt_000569,user_0143,course_010,git_basics,completed,89.1,77.1,2026-01-01
evt_000570,user_0143,course_018,html_css_basics,completed,86.0,43.9,2026-02-08
evt_000571,user_0143,course_404,kotlin_basics,completed,95.5,67.0,2026-02-18
evt_000572,user_0143,course_422,mobile_ui_patterns,completed,85.3,98.2,2026-02-19
evt_000573,user_0143,course_407,android_development,completed,85.1,40.9,2026-02-03
evt_000574,user_0144,course_018,html_css_basics,completed,97.0,99.9,2026-01-08
evt_000575,user_0144,course_021,docker_basics,dropped,31.3,,2026-01-14
evt_000576,user_0144,course_233,javascript_basics,completed,93.1,46.8,2026-01-27
evt_000577,user_0145,course_006,git_basics,completed,95.7,60.0,2026-01-19
evt_000578,user_0146,course_021,docker_basics,completed,96.6,68.9,2026-01-20
evt_000579,user_0147,course_013,sql_basics,completed,95.9,83.4,2026-02-09
evt_000580,user_0147,course_266,databases_basics,completed,89.5,58.4,2026-02-14
evt_000581,user_0147,course_392,database_administration,completed,91.5,36.0,2026-02-16
evt_000582,user_0147,course_400,database_tuning,completed,88.6,98.0,2026-02-18
evt_000583,user_0148,course_004,python_basics,completed,90.6,40.8,2026-02-22
evt_000584,user_0148,course_031,networking_basics,completed,99.0,99.8,2026-03-05
evt_000585,user_0148,course_086,it_support_fundamentals,completed,95.5,86.4,2026-03-11
evt_000586,user_0148,course_262,rest_apis,completed,96.8,84.2,2026-03-17
evt_000587,user_0150,course_004,python_basics,completed,88.8,37.6,2026-02-25
evt_000588,user_0150,course_015,sql_basics,completed,92.4,71.8,2026-02-02
evt_000589,user_0150,course_023,docker_basics,completed,98.0,73.9,2026-03-14
evt_000590,user_0151,course_032,networking_basics,completed,89.0,58.9,2026-01-19
evt_000591,user_0151,course_090,it_support_fundamentals,completed,98.2,75.3,2026-01-26
evt_000592,user_0152,course_022,docker_basics,completed,94.9,70.0,2026-01-02
evt_000593,user_0152,course_030,linux_basics,completed,93.3,74.8,2026-02-13
evt_000594,user_0152,course_283,kubernetes_basics,dropped,28.1,,2026-02-15
evt_000595,user_0152,course_287,cloud_aws_basics,completed,88.0,66.5,2026-02-18
evt_000596,user_0152,course_320,terraform_basics,completed,94.9,69.2,2026-02-01
evt_000597,user_0153,course_016,html_css_basics,completed,95.8,35.9,2026-02-23
evt_000598,user_0154,course_001,python_basics,completed,85.9,71.3,2026-02-22
evt_000599,user_0155,course_036,agile_basics,completed,92.9,82.7,2026-02-13
evt_000600,user_0155,course_071,stakeholder_management,completed,86.5,82.1,2026-02-17
evt_000601,user_0155,course_107,jira_basics,completed,88.7,75.6,2026-02-21
evt_000602,user_0155,course_440,scrum_facilitation,completed,96.5,72.5,2026-02-28
evt_000603,user_0156,course_019,html_css_basics,completed,87.7,61.1,2026-02-18
evt_000604,user_0156,course_232,javascript_basics,completed,91.6,57.9,2026-02-27
evt_000605,user_0156,course_238,typescript_basics,completed,96.5,63.0,2026-03-13
evt_000606,user_0156,course_245,react_basics,completed,88.2,84.8,2026-03-17
evt_000607,user_0157,course_004,python_basics,completed,85.0,37.3,2026-01-25
evt_000608,user_0157,course_011,sql_basics,dropped,36.2,,2026-02-06
evt_000609,user_0157,course_017,html_css_basics,completed,85.3,88.4,2026-02-10
evt_000610,user_0157,course_263,rest_apis,completed,93.6,72.2,2026-02-19
evt_000611,user_0157,course_269,databases_basics,completed,89.0,92.8,2026-02-25
evt_000612,user_0157,course_233,javascript_basics,completed,93.6,72.0,2026-03-10
evt_000613,user_0157,course_271,backend_frameworks,completed,92.2,66.7,2026-03-22
evt_000614,user_0158,course_051,figma_basics,completed,85.6,87.5,2026-02-27
evt_000615,user_0158,course_441,ui_design_principles,completed,98.2,63.2,2026-03-12
evt_000616,user_0160,course_005,python_basics,completed,94.5,38.5,2026-01-16
evt_000617,user_0160,course_013,sql_basics,completed,89.9,80.4,2026-01-25
evt_000618,user_0160,course_204,data_pipelines,completed,93.6,40.9,2026-02-05
evt_000619,user_0160,course_224,dbt_basics,dropped,7.9,,2026-02-08
evt_000620,user_0160,course_211,data_warehousing,completed,86.3,67.6,2026-02-17
evt_000621,user_0161,course_002,python_basics,completed,92.3,77.4,2026-02-02
evt_000622,user_0161,course_010,git_basics,completed,88.6,52.3,2026-03-14
evt_000623,user_0161,course_025,docker_basics,dropped,19.5,,2026-03-16
evt_000624,user_0161,course_027,linux_basics,completed,94.8,85.0,2026-03-22
evt_000625,user_0161,course_128,statistics,completed,97.0,75.5,2026-03-04
evt_000626,user_0161,course_262,rest_apis,completed,87.3,82.4,2026-04-08
evt_000627,user_0161,course_281,kubernetes_basics,completed,98.9,91.5,2026-04-12
evt_000628,user_0161,course_286,cloud_aws_basics,completed,86.7,64.3,2026-04-18
evt_000629,user_0161,course_302,ci_cd_basics,completed,88.1,69.0,2026-04-02
evt_000630,user_0161,course_139,data_wrangling,completed,87.1,80.4,2026-05-12
evt_000631,user_0161,course_155,machine_learning,completed,88.8,38.9,2026-05-23
evt_000632,user_0161,course_165,mlops_basics,dropped,27.9,,2026-05-28
evt_000633,user_0161,course_169,model_monitoring,completed,97.8,77.9,2026-06-11
evt_000634,user_0162,course_004,python_basics,completed,92.6,81.1,2026-01-06
evt_000635,user_0164,course_092,salesforce_basics,completed,93.4,81.3,2026-02-16
evt_000636,user_0164,course_550,salesforce_apex,completed,90.9,45.2,2026-02-21
evt_000637,user_0165,course_038,agile_basics,completed,99.9,98.6,2026-02-06
evt_000638,user_0165,course_066,product_discovery,completed,90.8,100.0,2026-02-17
evt_000639,user_0166,course_053,figma_basics,completed,98.5,77.7,2026-03-09
evt_000640,user_0166,course_079,ux_research,completed,94.2,75.7,2026-03-18
evt_000641,user_0166,course_112,miro_basics,completed,99.6,94.1,2026-03-28
evt_000642,user_0166,course_445,ui_design_principles,completed,87.1,70.2,2026-03-03
evt_000643,user_0166,course_447,prototyping,completed,98.5,94.1,2026-04-08
evt_000644,user_0168,course_015,sql_basics,completed,93.4,96.7,2026-02-25
evt_000645,user_0168,course_268,databases_basics,completed,95.9,84.8,2026-03-11
evt_000646,user_0170,course_003,python_basics,completed,86.6,47.0,2026-01-23
evt_000647,user_0170,course_010,git_basics,completed,93.5,50.0,2026-02-05
evt_000648,user_0170,course_021,docker_basics,dropped,32.3,,2026-02-11
evt_000649,user_0170,course_030,linux_basics,completed,90.6,90.4,2026-02-19
evt_000650,user_0170,course_127,statistics,completed,85.5,84.7,2026-02-22
evt_000651,user_0170,course_263,rest_apis,completed,95.1,48.2,2026-02-01
evt_000652,user_0170,course_282,kubernetes_basics,completed,92.3,56.1,2026-03-09
evt_000653,user_0170,course_287,cloud_aws_basics,completed,85.6,82.8,2026-03-16
evt_000654,user_0170,course_303,ci_cd_basics,completed,96.1,73.6,2026-03-23
evt_000655,user_0170,course_136,data_wrangling,dropped,21.0,,2026-03-04
evt_000656,user_0172,course_001,python_basics,completed,96.5,97.6,2026-02-15
evt_000657,user_0172,course_119,python_advanced,completed,96.6,53.6,2026-02-22
evt_000658,user_0172,course_128,statistics,completed,95.3,93.7,2026-02-04
evt_000659,user_0172,course_139,data_wrangling,completed,86.7,85.6,2026-03-06
evt_000660,user_0173,course_009,git_basics,completed,85.4,64.5,2026-02-24
evt_000661,user_0174,course_034,networking_basics,completed,95.4,94.0,2026-02-04
evt_000662,user_0174,course_061,security_fundamentals,dropped,20.7,,2026-03-06
evt_000663,user_0174,course_360,network_administration,completed,96.9,68.3,2026-03-18
evt_000664,user_0175,course_026,linux_basics,completed,90.0,91.6,2026-02-10
evt_000665,user_0177,course_101,digital_marketing_fundamentals,completed,96.0,97.5,2026-01-19
evt_000666,user_0177,course_527,seo_fundamentals,completed,99.4,35.2,2026-01-21
evt_000667,user_0177,course_531,google_analytics,completed,92.5,87.5,2026-01-01
evt_000668,user_0179,course_034,networking_basics,completed,86.2,74.0,2026-01-24
evt_000669,user_0179,course_090,it_support_fundamentals,completed,93.4,88.6,2026-01-01
evt_000670,user_0180,course_001,python_basics,completed,87.2,37.1,2026-01-15
evt_000671,user_0180,course_015,sql_basics,completed,86.3,42.1,2026-01-20
evt_000672,user_0181,course_010,git_basics,completed,93.9,86.2,2026-01-22
evt_000673,user_0181,course_479,embedded_c_basics,completed,99.0,41.1,2026-02-06
evt_000674,user_0181,course_483,rtos_basics,completed,96.4,89.8,2026-02-13
evt_000675,user_0181,course_489,hardware_interfacing,dropped,35.1,,2026-02-16
evt_000676,user_0182,course_005,python_basics,completed,94.2,42.1,2026-01-26
evt_000677,user_0182,course_050,r_basics,completed,95.3,95.7,2026-01-28
evt_000678,user_0183,course_033,networking_basics,completed,99.9,58.0,2026-01-24
evt_000679,user_0183,course_065,security_fundamentals,completed,94.5,67.0,2026-02-04
evt_000680,user_0183,course_360,network_administration,completed,99.7,35.1,2026-02-08
evt_000681,user_0183,course_361,network_security,completed,97.0,99.9,2026-02-20
evt_000682,user_0184,course_008,git_basics,completed,88.2,76.6,2026-02-08
evt_000683,user_0184,course_023,docker_basics,dropped,15.5,,2026-02-21
evt_000684,user_0184,course_026,linux_basics,completed,90.1,82.1,2026-02-23
evt_000685,user_0184,course_281,kubernetes_basics,completed,90.0,57.0,2026-03-09
evt_000686,user_0184,course_289,cloud_aws_basics,dropped,9.8,,2026-03-22
evt_000687,user_0184,course_304,ci_cd_basics,completed,90.0,86.0,2026-04-08
evt_000688,user_0184,course_316,terraform_basics,completed,93.5,79.1,2026-04-22
evt_000689,user_0184,course_321,infrastructure_as_code,completed,90.0,94.6,2026-04-26
evt_000690,user_0185,course_052,figma_basics,completed,90.1,59.4,2026-02-28
evt_000691,user_0185,course_442,ui_design_principles,completed,87.8,42.6,2026-03-10
evt_000692,user_0185,course_458,sketch_basics,completed,95.6,52.6,2026-03-22
evt_000693,user_0185,course_452,design_systems,completed,99.3,49.0,2026-03-28
evt_000694,user_0186,course_013,sql_basics,dropped,12.1,,2026-02-05
evt_000695,user_0186,course_270,databases_basics,completed,98.6,45.0,2026-02-06
evt_000696,user_0186,course_394,database_administration,completed,89.7,56.3,2026-02-18
evt_000697,user_0186,course_396,database_tuning,completed,92.7,99.5,2026-02-04
evt_000698,user_0187,course_004,python_basics,completed,92.8,35.3,2026-01-21
evt_000699,user_0188,course_011,sql_basics,completed,85.7,68.8,2026-02-22
evt_000700,user_0188,course_268,databases_basics,completed,89.7,93.0,2026-02-23
evt_000701,user_0188,course_392,database_administration,completed,89.8,63.7,2026-02-28
evt_000702,user_0188,course_397,database_tuning,completed,85.2,75.5,2026-02-03
evt_000703,user_0189,course_030,linux_basics,completed,89.1,96.3,2026-02-11
evt_000704,user_0189,course_035,networking_basics,completed,89.7,93.0,2026-02-15
evt_000705,user_0189,course_086,it_support_fundamentals,dropped,36.6,,2026-02-18
evt_000706,user_0189,course_354,systems_administration,dropped,18.7,,2026-02-19
evt_000707,user_0190,course_020,html_css_basics,completed,95.5,75.1,2026-02-01
evt_000708,user_0190,course_232,javascript_basics,completed,97.1,40.1,2026-03-13
evt_000709,user_0191,course_032,networking_basics,completed,98.8,65.4,2026-02-23
evt_000710,user_0191,course_089,it_support_fundamentals,completed,88.4,91.0,2026-02-03
evt_000711,user_0192,course_008,git_basics,completed,98.8,56.5,2026-02-19
evt_000712,user_0193,course_001,python_basics,completed,90.3,65.0,2026-01-23
evt_000713,user_0193,course_008,git_basics,completed,92.6,61.4,2026-02-05
evt_000714,user_0193,course_021,docker_basics,completed,86.1,54.6,2026-02-11
evt_000715,user_0193,course_030,linux_basics,completed,88.7,45.3,2026-02-18
evt_000716,user_0193,course_126,statistics,completed,95.4,63.0,2026-02-24
evt_000717,user_0194,course_005,python_basics,completed,94.9,40.1,2026-02-21
evt_000718,user_0195,course_036,agile_basics,completed,89.9,41.3,2026-02-19
evt_000719,user_0195,course_068,product_discovery,dropped,8.8,,2026-02-26
evt_000720,user_0195,course_074,stakeholder_management,completed,94.9,40.9,2026-02-04
evt_000721,user_0195,course_110,jira_basics,completed,85.0,44.5,2026-03-17
evt_000722,user_0195,course_435,product_roadmapping,completed,93.7,47.7,2026-03-22
evt_000723,user_0197,course_028,linux_basics,completed,98.7,99.4,2026-01-27
evt_000724,user_0197,course_035,networking_basics,completed,86.9,54.1,2026-02-08
evt_000725,user_0197,course_090,it_support_fundamentals,dropped,24.6,,2026-02-09
evt_000726,user_0199,course_104,digital_marketing_fundamentals,completed,94.4,81.3,2026-03-12
evt_000727,user_0199,course_529,seo_fundamentals,completed,87.6,44.0,2026-03-21
evt_000728,user_0199,course_533,google_analytics,completed,89.3,91.7,2026-04-07
evt_000729,user_0199,course_536,google_ads,completed,87.2,92.5,2026-04-09
evt_000730,user_0200,course_002,python_basics,dropped,33.2,,2026-02-17
evt_000731,user_0201,course_005,python_basics,completed,91.8,62.6,2026-03-09
evt_000732,user_0201,course_024,docker_basics,completed,91.4,35.5,2026-03-15
evt_000733,user_0201,course_117,python_advanced,completed,91.2,70.5,2026-03-27
evt_000734,user_0201,course_121,pandas_numpy,completed,90.5,72.7,2026-04-09
evt_000735,user_0202,course_030,linux_basics,completed,96.7,65.2,2026-01-20
evt_000736,user_0202,course_035,networking_basics,completed,94.5,78.1,2026-01-22
evt_000737,user_0202,course_090,it_support_fundamentals,completed,94.2,93.7,2026-02-07
evt_000738,user_0202,course_351,systems_administration,completed,98.6,72.3,2026-02-15
evt_000739,user_0203,course_003,python_basics,completed,95.4,73.8,2026-01-27
evt_000740,user_0203,course_010,git_basics,dropped,21.6,,2026-02-04
evt_000741,user_0203,course_021,docker_basics,completed,97.1,75.6,2026-02-15
evt_000742,user_0203,course_026,linux_basics,completed,97.8,53.1,2026-02-18
evt_000743,user_0203,course_128,statistics,completed,85.2,42.3,2026-02-23
evt_000744,user_0203,course_265,rest_apis,completed,91.7,87.5,2026-03-07
evt_000745,user_0203,course_282,kubernetes_basics,completed,92.9,37.2,2026-03-15
evt_000746,user_0204,course_007,git_basics,completed,99.9,85.1,2026-01-24
evt_000747,user_0204,course_464,game_engine_basics,completed,88.2,82.7,2026-02-08
evt_000748,user_0204,course_468,gameplay_programming,completed,85.8,65.2,2026-02-21
evt_000749,user_0204,course_474,graphics_programming,completed,98.8,50.2,2026-03-05
evt_000750,user_0205,course_009,git_basics,dropped,35.5,,2026-02-21
evt_000751,user_0205,course_019,html_css_basics,completed,99.4,79.4,2026-02-28
evt_000752,user_0205,course_405,kotlin_basics,completed,97.7,74.7,2026-03-11
evt_000753,user_0205,course_423,mobile_ui_patterns,completed,97.0,51.6,2026-03-17
evt_000754,user_0205,course_409,android_development,completed,88.6,78.7,2026-03-02
evt_000755,user_0206,course_053,figma_basics,completed,87.7,70.6,2026-03-05
evt_000756,user_0206,course_076,ux_research,completed,92.9,79.6,2026-03-06
evt_000757,user_0206,course_113,miro_basics,completed,85.4,41.0,2026-03-11
evt_000758,user_0209,course_071,stakeholder_management,completed,86.9,77.7,2026-02-15
evt_000759,user_0210,course_017,html_css_basics,completed,88.8,65.4,2026-02-11
evt_000760,user_0211,course_003,python_basics,completed,98.6,85.0,2026-02-26
evt_000761,user_0211,course_012,sql_basics,dropped,32.2,,2026-03-11
evt_000762,user_0211,course_203,data_pipelines,completed,97.2,46.6,2026-03-12
evt_000763,user_0211,course_207,spark_basics,completed,94.7,42.0,2026-03-22
evt_000764,user_0211,course_214,data_warehousing,completed,86.6,63.7,2026-03-26
evt_000765,user_0211,course_216,etl_orchestration,dropped,30.5,,2026-03-28
evt_000766,user_0212,course_004,python_basics,completed,85.0,37.5,2026-02-25
evt_000767,user_0212,course_032,networking_basics,completed,90.9,35.2,2026-03-09
evt_000768,user_0212,course_089,it_support_fundamentals,completed,97.7,85.8,2026-03-17
evt_000769,user_0212,course_265,rest_apis,dropped,38.4,,2026-03-21
evt_000770,user_0213,course_051,figma_basics,completed,99.9,56.7,2026-03-07
evt_000771,user_0213,course_441,ui_design_principles,completed,94.7,58.7,2026-03-18
evt_000772,user_0214,course_029,linux_basics,completed,94.7,46.5,2026-02-07
evt_000773,user_0214,course_034,networking_basics,completed,95.4,93.3,2026-02-18
evt_000774,user_0214,course_088,it_support_fundamentals,dropped,27.1,,2026-02-26
evt_000775,user_0214,course_352,systems_administration,completed,95.8,73.5,2026-02-27
evt_000776,user_0215,course_005,python_basics,completed,93.0,89.2,2026-02-15
evt_000777,user_0215,course_006,git_basics,completed,90.1,81.9,2026-02-16
evt_000778,user_0215,course_022,docker_basics,completed,92.8,96.1,2026-02-01
evt_000779,user_0216,course_055,figma_basics,completed,85.6,44.2,2026-02-11
evt_000780,user_0216,course_444,ui_design_principles,dropped,29.5,,2026-02-21
evt_000781,user_0216,course_457,sketch_basics,dropped,15.8,,2026-02-04
evt_000782,user_0216,course_454,design_systems,completed,93.9,88.2,2026-03-14
evt_000783,user_0217,course_020,html_css_basics,completed,85.9,48.2,2026-01-20
evt_000784,user_0217,course_104,digital_marketing_fundamentals,dropped,28.9,,2026-01-26
evt_000785,user_0217,course_233,javascript_basics,completed,88.2,38.0,2026-02-12
evt_000786,user_0217,course_531,google_analytics,completed,96.4,45.9,2026-02-14
evt_000787,user_0217,course_542,ab_testing,completed,93.7,43.7,2026-02-22
evt_000788,user_0218,course_010,git_basics,completed,85.2,66.7,2026-02-02
evt_000789,user_0218,course_022,docker_basics,completed,93.9,53.4,2026-02-04
evt_000790,user_0218,course_029,linux_basics,dropped,10.0,,2026-03-16
evt_000791,user_0218,course_284,kubernetes_basics,completed,87.6,80.0,2026-03-23
evt_000792,user_0218,course_289,cloud_aws_basics,completed,94.4,85.9,2026-03-05
evt_000793,user_0218,course_301,ci_cd_basics,completed,86.8,69.5,2026-04-14
evt_000794,user_0218,course_313,ansible_basics,completed,93.1,49.3,2026-04-28
evt_000795,user_0218,course_307,jenkins_basics,dropped,8.9,,2026-04-05
evt_000796,user_0218,course_324,infrastructure_as_code,completed,95.1,37.8,2026-05-13
evt_000797,user_0219,course_002,python_basics,completed,94.3,92.9,2026-02-21
evt_000798,user_0219,course_011,sql_basics,dropped,23.8,,2026-03-05
evt_000799,user_0219,course_041,excel_basics,completed,86.1,50.3,2026-03-13
evt_000800,user_0219,course_125,pandas_numpy,completed,96.2,93.4,2026-03-19
evt_000801,user_0219,course_201,data_pipelines,completed,88.6,61.8,2026-03-25
evt_000802,user_0219,course_142,power_bi,completed,92.3,92.9,2026-03-27
evt_000803,user_0219,course_150,tableau,completed,90.6,64.8,2026-04-07
evt_000804,user_0219,course_213,data_warehousing,completed,86.9,80.0,2026-04-12
evt_000805,user_0220,course_001,python_basics,completed,91.3,84.4,2026-01-18
evt_000806,user_0220,course_013,sql_basics,completed,96.9,96.9,2026-01-28
evt_000807,user_0222,course_019,html_css_basics,completed,97.9,49.1,2026-03-13
evt_000808,user_0222,course_234,javascript_basics,dropped,20.0,,2026-03-18
evt_000809,user_0223,course_055,figma_basics,completed,93.9,44.7,2026-01-20
evt_000810,user_0223,course_441,ui_design_principles,completed,85.6,65.6,2026-01-27
evt_000811,user_0223,course_456,sketch_basics,completed,92.2,86.9,2026-02-06
evt_000812,user_0223,course_454,design_systems,completed,93.4,35.8,2026-02-14
evt_000813,user_0224,course_037,agile_basics,completed,88.6,99.9,2026-02-22
evt_000814,user_0224,course_068,product_discovery,completed,97.9,83.6,2026-02-25
evt_000815,user_0224,course_074,stakeholder_management,completed,98.1,61.3,2026-03-05
evt_000816,user_0224,course_108,jira_basics,completed,94.5,90.9,2026-03-16
evt_000817,user_0224,course_433,product_roadmapping,dropped,19.9,,2026-03-25
evt_000818,user_0225,course_010,git_basics,completed,88.1,79.5,2026-01-27
evt_000819,user_0225,course_018,html_css_basics,completed,92.7,94.2,2026-02-11
evt_000820,user_0225,course_401,kotlin_basics,completed,92.0,37.7,2026-02-13
evt_000821,user_0225,course_425,mobile_ui_patterns,dropped,29.8,,2026-02-25
evt_000822,user_0225,course_408,android_development,completed,94.7,82.9,2026-02-01
evt_000823,user_0226,course_072,stakeholder_management,completed,88.4,57.9,2026-03-06
evt_000824,user_0226,course_099,erp_fundamentals,dropped,18.0,,2026-03-11
evt_000825,user_0226,course_555,sap_basics,completed,92.1,69.6,2026-03-20
evt_000826,user_0227,course_003,python_basics,completed,97.0,96.4,2026-03-05
evt_000827,user_0227,course_011,sql_basics,completed,91.9,40.2,2026-03-09
evt_000828,user_0229,course_003,python_basics,completed,92.4,91.9,2026-01-07
evt_000829,user_0229,course_116,python_advanced,completed,95.2,95.6,2026-01-12
evt_000830,user_0229,course_129,statistics,completed,85.3,47.3,2026-01-20
evt_000831,user_0229,course_137,data_wrangling,completed,94.7,61.8,2026-02-06
evt_000832,user_0229,course_153,machine_learning,completed,95.5,89.7,2026-02-14
evt_000833,user_0229,course_158,deep_learning,dropped,32.6,,2026-02-24
evt_000834,user_0229,course_178,llm_applications,completed,99.6,85.0,2026-02-28
evt_000835,user_0229,course_198,prompt_engineering,completed,87.5,95.1,2026-03-05
evt_000836,user_0230,course_012,sql_basics,completed,95.4,78.3,2026-02-21
evt_000837,user_0230,course_267,databases_basics,dropped,16.1,,2026-02-23
evt_000838,user_0230,course_393,database_administration,completed,93.4,37.3,2026-02-01
evt_000839,user_0230,course_398,database_tuning,completed,93.1,45.6,2026-02-04
evt_000840,user_0231,course_031,networking_basics,completed,96.5,96.6,2026-01-27
evt_000841,user_0232,course_040,agile_basics,completed,95.6,65.8,2026-01-19
evt_000842,user_0232,course_070,product_discovery,dropped,24.8,,2026-01-02
evt_000843,user_0233,course_006,git_basics,completed,85.6,79.1,2026-02-13
evt_000844,user_0233,course_476,embedded_c_basics,completed,88.3,58.2,2026-02-20
evt_000845,user_0233,course_495,robotics_fundamentals,completed,92.9,85.8,2026-02-03
evt_000846,user_0233,course_497,ros_basics,dropped,34.7,,2026-02-04
evt_000847,user_0234,course_051,figma_basics,completed,92.4,74.2,2026-02-25
evt_000848,user_0234,course_076,ux_research,completed,87.2,90.5,2026-03-08
evt_000849,user_0234,course_113,miro_basics,completed,90.3,98.5,2026-03-09
evt_000850,user_0235,course_009,git_basics,completed,97.1,53.8,2026-01-18
evt_000851,user_0235,course_464,game_engine_basics,completed,87.1,73.2,2026-01-02
evt_000852,user_0235,course_467,gameplay_programming,completed,98.0,99.1,2026-02-07
evt_000853,user_0235,course_475,graphics_programming,completed,85.1,76.5,2026-02-20
evt_000854,user_0236,course_020,html_css_basics,completed,96.3,43.9,2026-01-26
evt_000855,user_0236,course_104,digital_marketing_fundamentals,completed,85.6,88.7,2026-02-03
evt_000856,user_0236,course_233,javascript_basics,completed,92.0,36.7,2026-02-11
evt_000857,user_0236,course_533,google_analytics,completed,97.5,65.7,2026-02-16
evt_000858,user_0236,course_543,ab_testing,completed,98.6,76.9,2026-02-23
evt_000859,user_0237,course_033,networking_basics,completed,86.0,83.5,2026-01-10
evt_000860,user_0237,course_065,security_fundamentals,completed,94.4,65.9,2026-01-17
evt_000861,user_0237,course_361,network_security,completed,93.6,89.9,2026-01-23
evt_000862,user_0237,course_376,penetration_testing,completed,98.2,43.8,2026-01-26
evt_000863,user_0237,course_383,burp_suite,completed,98.7,58.1,2026-02-04
evt_000864,user_0238,course_036,agile_basics,completed,94.4,84.7,2026-01-28
evt_000865,user_0238,course_067,product_discovery,completed,89.7,89.9,2026-02-09
evt_000866,user_0238,course_073,stakeholder_management,completed,90.4,69.7,2026-02-20
evt_000867,user_0238,course_107,jira_basics,dropped,14.8,,2026-02-21
evt_000868,user_0238,course_434,product_roadmapping,completed,87.4,49.2,2026-02-27
evt_000869,user_0239,course_002,python_basics,completed,94.2,89.0,2026-02-18
evt_000870,user_0239,course_035,networking_basics,completed,96.3,42.4,2026-02-02
evt_000871,user_0239,course_086,it_support_fundamentals,completed,98.9,66.2,2026-02-04
evt_000872,user_0239,course_263,rest_apis,completed,98.3,73.8,2026-03-07
evt_000873,user_0241,course_006,git_basics,completed,88.3,90.7,2026-01-24
evt_000874,user_0241,course_477,embedded_c_basics,dropped,9.6,,2026-01-01
evt_000875,user_0241,course_491,robotics_fundamentals,dropped,21.9,,2026-02-03
evt_000876,user_0241,course_497,ros_basics,dropped,28.1,,2026-02-05
evt_000877,user_0242,course_001,python_basics,dropped,15.6,,2026-02-15
evt_000878,user_0242,course_006,git_basics,dropped,26.1,,2026-02-28
evt_000879,user_0242,course_012,sql_basics,completed,85.4,44.5,2026-02-03
evt_000880,user_0242,course_023,docker_basics,completed,87.4,67.5,2026-03-13
evt_000881,user_0242,course_027,linux_basics,completed,86.5,72.6,2026-03-22
evt_000882,user_0242,course_262,rest_apis,completed,89.2,93.6,2026-03-06
evt_000883,user_0242,course_266,databases_basics,completed,97.8,65.9,2026-04-10
evt_000884,user_0242,course_282,kubernetes_basics,completed,86.6,89.3,2026-04-18
evt_000885,user_0243,course_007,git_basics,dropped,39.5,,2026-02-07
evt_000886,user_0243,course_476,embedded_c_basics,dropped,31.7,,2026-02-16
evt_000887,user_0243,course_485,rtos_basics,dropped,16.5,,2026-02-28
evt_000888,user_0243,course_488,hardware_interfacing,completed,89.7,98.5,2026-03-08
evt_000889,user_0244,course_004,python_basics,completed,91.4,90.7,2026-02-06
evt_000890,user_0245,course_038,agile_basics,dropped,28.6,,2026-02-27
evt_000891,user_0245,course_069,product_discovery,completed,95.1,42.7,2026-03-07
evt_000892,user_0245,course_075,stakeholder_management,completed,98.4,46.0,2026-03-09
evt_000893,user_0245,course_107,jira_basics,completed,97.7,61.3,2026-03-15
evt_000894,user_0245,course_434,product_roadmapping,completed,96.5,84.8,2026-03-27
evt_000895,user_0246,course_004,python_basics,completed,94.0,61.3,2026-02-16
evt_000896,user_0246,course_013,sql_basics,completed,86.6,51.3,2026-02-19
evt_000897,user_0246,course_017,html_css_basics,dropped,6.8,,2026-02-20
evt_000898,user_0246,course_261,rest_apis,completed,95.2,44.9,2026-02-23
evt_000899,user_0246,course_266,databases_basics,dropped,31.3,,2026-03-08
evt_000900,user_0246,course_234,javascript_basics,completed,92.5,67.8,2026-03-12
evt_000901,user_0246,course_275,backend_frameworks,dropped,31.7,,2026-03-21
evt_000902,user_0248,course_074,stakeholder_management,completed,85.5,71.2,2026-02-05
evt_000903,user_0250,course_002,python_basics,completed,92.3,42.1,2026-01-16
evt_000904,user_0250,course_035,networking_basics,completed,92.0,71.5,2026-01-27
evt_000905,user_0250,course_061,security_fundamentals,completed,93.9,59.6,2026-02-06
evt_000906,user_0250,course_263,rest_apis,dropped,25.7,,2026-02-12
evt_000907,user_0250,course_363,network_security,completed,93.8,84.7,2026-02-18
evt_000908,user_0250,course_374,identity_access_management,completed,99.9,61.8,2026-02-20
evt_000909,user_0250,course_367,application_security,completed,89.7,40.5,2026-02-24
evt_000910,user_0250,course_388,siem_tools,completed,85.3,56.2,2026-02-26
evt_000911,user_0251,course_034,networking_basics,completed,91.3,36.3,2026-02-12
evt_000912,user_0251,course_061,security_fundamentals,completed,90.9,72.2,2026-02-18
evt_000913,user_0251,course_356,network_administration,completed,90.0,67.7,2026-02-02
evt_000914,user_0251,course_363,network_security,completed,90.5,63.3,2026-03-05
evt_000915,user_0252,course_051,figma_basics,completed,88.2,52.2,2026-02-18
evt_000916,user_0252,course_080,ux_research,completed,94.4,97.3,2026-02-25
evt_000917,user_0252,course_115,miro_basics,completed,89.1,71.8,2026-02-27
evt_000918,user_0252,course_444,ui_design_principles,completed,86.1,88.5,2026-02-03
evt_000919,user_0252,course_448,prototyping,completed,89.7,61.9,2026-03-10
evt_000920,user_0253,course_004,python_basics,completed,87.7,36.2,2026-01-28
evt_000921,user_0253,course_022,docker_basics,completed,94.9,88.6,2026-02-10
evt_000922,user_0255,course_009,git_basics,completed,85.9,48.0,2026-02-17
evt_000923,user_0255,course_017,html_css_basics,completed,96.5,89.9,2026-02-20
evt_000924,user_0255,course_401,kotlin_basics,completed,91.2,88.5,2026-02-03
evt_000925,user_0255,course_423,mobile_ui_patterns,completed,91.1,42.4,2026-03-14
evt_000926,user_0255,course_407,android_development,completed,92.0,71.4,2026-03-27
evt_000927,user_0256,course_051,figma_basics,completed,87.0,51.8,2026-02-04
evt_000928,user_0256,course_080,ux_research,completed,85.6,82.0,2026-02-07
evt_000929,user_0256,course_111,miro_basics,completed,89.7,54.4,2026-02-21
evt_000930,user_0256,course_444,ui_design_principles,completed,98.3,60.8,2026-02-27
evt_000931,user_0256,course_447,prototyping,dropped,30.7,,2026-02-03
evt_000932,user_0257,course_010,git_basics,completed,88.8,92.5,2026-03-17
evt_000933,user_0257,course_021,docker_basics,completed,89.9,73.0,2026-03-02
evt_000934,user_0257,course_027,linux_basics,completed,86.6,48.9,2026-04-09
evt_000935,user_0257,course_284,kubernetes_basics,completed,85.8,69.7,2026-04-14
evt_000936,user_0257,course_286,cloud_aws_basics,completed,92.1,51.0,2026-04-20
evt_000937,user_0257,course_302,ci_cd_basics,completed,90.5,55.0,2026-04-26
evt_000938,user_0257,course_315,ansible_basics,completed,94.9,96.2,2026-04-27
evt_000939,user_0257,course_307,jenkins_basics,completed,89.6,97.3,2026-04-04
evt_000940,user_0257,course_321,infrastructure_as_code,completed,97.9,60.3,2026-05-13
evt_000941,user_0260,course_027,linux_basics,completed,98.4,94.5,2026-01-22
evt_000942,user_0260,course_034,networking_basics,dropped,35.3,,2026-02-07
evt_000943,user_0260,course_314,ansible_basics,completed,98.9,56.6,2026-02-15
evt_000944,user_0260,course_351,systems_administration,completed,88.9,39.3,2026-02-01
evt_000945,user_0261,course_030,linux_basics,completed,95.4,84.5,2026-02-11
evt_000946,user_0261,course_032,networking_basics,completed,94.6,35.2,2026-02-22
evt_000947,user_0261,course_088,it_support_fundamentals,completed,86.7,51.2,2026-02-28
evt_000948,user_0261,course_352,systems_administration,completed,91.2,96.1,2026-03-14
evt_000949,user_0262,course_027,linux_basics,completed,93.9,56.3,2026-02-06
evt_000950,user_0262,course_031,networking_basics,completed,90.9,59.5,2026-02-13
evt_000951,user_0262,course_315,ansible_basics,dropped,5.8,,2026-02-17
evt_000952,user_0262,course_355,systems_administration,completed,86.3,65.1,2026-02-28
evt_000953,user_0263,course_007,git_basics,completed,91.4,51.9,2026-01-18
evt_000954,user_0263,course_478,embedded_c_basics,completed,86.8,81.7,2026-01-21
evt_000955,user_0263,course_494,robotics_fundamentals,completed,86.8,81.4,2026-02-07
evt_000956,user_0263,course_498,ros_basics,completed,90.7,63.0,2026-02-12
evt_000957,user_0264,course_003,python_basics,completed,91.3,61.6,2026-01-26
evt_000958,user_0264,course_048,r_basics,completed,91.8,51.1,2026-02-03
evt_000959,user_0264,course_119,python_advanced,dropped,9.7,,2026-02-05
evt_000960,user_0264,course_124,pandas_numpy,completed,90.8,62.5,2026-02-16
evt_000961,user_0264,course_126,statistics,completed,85.8,95.5,2026-02-18
evt_000962,user_0264,course_133,statistical_modeling_r,completed,99.5,73.9,2026-02-28
evt_000963,user_0264,course_136,data_wrangling,completed,94.3,54.7,2026-02-01
evt_000964,user_0264,course_153,machine_learning,completed,93.4,72.7,2026-02-04
evt_000965,user_0264,course_160,deep_learning,completed,98.2,43.6,2026-03-12
evt_000966,user_0265,course_004,python_basics,completed,89.7,98.6,2026-01-24
evt_000967,user_0265,course_118,python_advanced,completed,91.5,93.7,2026-02-08
evt_000968,user_0265,course_123,pandas_numpy,completed,98.4,55.5,2026-02-17
evt_000969,user_0268,course_004,python_basics,completed,85.8,46.9,2026-02-16
evt_000970,user_0268,course_012,sql_basics,completed,86.7,93.2,2026-02-28
evt_000971,user_0268,course_064,security_fundamentals,completed,93.4,64.8,2026-03-06
evt_000972,user_0268,course_202,data_pipelines,completed,88.1,53.5,2026-03-08
evt_000973,user_0268,course_375,identity_access_management,completed,98.4,73.1,2026-03-22
evt_000974,user_0268,course_211,data_warehousing,completed,87.7,94.8,2026-03-03
evt_000975,user_0268,course_229,data_governance,dropped,16.5,,2026-04-14
evt_000976,user_0269,course_011,sql_basics,completed,98.9,41.9,2026-01-26
evt_000977,user_0269,course_266,databases_basics,completed,95.6,66.2,2026-01-28
evt_000978,user_0269,course_393,database_administration,completed,89.9,37.9,2026-02-10
evt_000979,user_0269,course_399,database_tuning,completed,100.0,93.9,2026-02-16
evt_000980,user_0270,course_027,linux_basics,dropped,27.5,,2026-03-10
evt_000981,user_0270,course_031,networking_basics,dropped,38.3,,2026-03-22
evt_000982,user_0270,course_314,ansible_basics,completed,99.5,91.3,2026-03-27
evt_000983,user_0270,course_352,systems_administration,completed,91.0,77.1,2026-03-02
evt_000984,user_0271,course_038,agile_basics,completed,96.0,94.9,2026-02-22
evt_000985,user_0272,course_001,python_basics,completed,88.0,64.0,2026-02-25
evt_000986,user_0272,course_013,sql_basics,completed,86.4,62.5,2026-03-07
evt_000987,user_0272,course_202,data_pipelines,completed,86.4,68.4,2026-03-14
evt_000988,user_0273,course_002,python_basics,completed,94.7,40.5,2026-02-24
evt_000989,user_0273,course_011,sql_basics,completed,87.2,43.3,2026-03-09
evt_000990,user_0274,course_004,python_basics,completed,93.3,94.6,2026-02-03
evt_000991,user_0274,course_010,git_basics,completed,92.0,81.8,2026-03-10
evt_000992,user_0274,course_023,docker_basics,completed,96.5,36.1,2026-03-15
evt_000993,user_0274,course_029,linux_basics,completed,97.6,37.9,2026-03-18
evt_000994,user_0274,course_128,statistics,completed,91.8,78.6,2026-03-24
evt_000995,user_0274,course_263,rest_apis,completed,98.1,47.2,2026-03-02
evt_000996,user_0274,course_285,kubernetes_basics,completed,86.6,69.7,2026-04-07
evt_000997,user_0274,course_286,cloud_aws_basics,completed,92.2,80.0,2026-04-08
evt_000998,user_0275,course_004,python_basics,completed,99.6,58.4,2026-02-25
evt_000999,user_0275,course_014,sql_basics,completed,86.9,35.9,2026-03-10
evt_001000,user_0275,course_061,security_fundamentals,completed,97.9,48.6,2026-03-22
evt_001001,user_0275,course_202,data_pipelines,completed,97.9,70.0,2026-03-01
evt_001002,user_0275,course_374,identity_access_management,completed,85.3,45.8,2026-03-04
evt_001003,user_0275,course_214,data_warehousing,completed,97.9,73.0,2026-04-12
evt_001004,user_0275,course_230,data_governance,completed,85.8,35.5,2026-04-26
evt_001005,user_0276,course_004,python_basics,completed,96.1,73.7,2026-02-20
evt_001006,user_0276,course_013,sql_basics,completed,92.3,73.4,2026-02-21
evt_001007,user_0276,course_024,docker_basics,completed,92.9,62.4,2026-02-25
evt_001008,user_0276,course_026,linux_basics,completed,91.3,65.8,2026-02-02
evt_001009,user_0276,course_263,rest_apis,completed,85.3,53.7,2026-03-10
evt_001010,user_0276,course_268,databases_basics,completed,88.3,94.1,2026-03-18
evt_001011,user_0276,course_290,cloud_aws_basics,completed,94.9,43.5,2026-03-04
evt_001012,user_0276,course_294,gcp_basics,completed,95.1,82.7,2026-04-11
evt_001013,user_0276,course_297,azure_basics,completed,95.4,40.6,2026-04-21
evt_001014,user_0276,course_277,system_design,completed,92.4,86.6,2026-04-25
evt_001015,user_0277,course_002,python_basics,dropped,5.6,,2026-02-13
evt_001016,user_0278,course_007,git_basics,completed,92.6,87.4,2026-02-09
evt_001017,user_0278,course_026,linux_basics,completed,93.4,66.6,2026-02-19
evt_001018,user_0279,course_006,git_basics,completed,89.0,44.8,2026-03-08
evt_001019,user_0279,course_025,docker_basics,completed,95.6,95.2,2026-03-18
evt_001020,user_0279,course_029,linux_basics,completed,99.6,85.8,2026-03-04
evt_001021,user_0279,course_281,kubernetes_basics,completed,92.6,45.9,2026-04-18
evt_001022,user_0279,course_287,cloud_aws_basics,completed,89.4,63.7,2026-04-24
evt_001023,user_0279,course_301,ci_cd_basics,completed,90.0,44.0,2026-04-27
evt_001024,user_0279,course_319,terraform_basics,completed,85.1,89.3,2026-04-06
evt_001025,user_0279,course_323,infrastructure_as_code,completed,89.0,81.5,2026-05-15
evt_001026,user_0280,course_027,linux_basics,completed,92.9,86.2,2026-01-02
evt_001027,user_0280,course_034,networking_basics,completed,98.5,96.9,2026-02-09
evt_001028,user_0280,course_313,ansible_basics,completed,96.6,81.6,2026-02-10
evt_001029,user_0280,course_351,systems_administration,completed,91.0,85.2,2026-02-12
evt_001030,user_0281,course_001,python_basics,completed,87.3,72.3,2026-02-11
evt_001031,user_0282,course_020,html_css_basics,completed,98.3,80.6,2026-02-23
evt_001032,user_0283,course_008,git_basics,completed,98.5,74.7,2026-02-20
evt_001033,user_0283,course_019,html_css_basics,completed,98.3,75.6,2026-02-28
evt_001034,user_0283,course_404,kotlin_basics,completed,97.2,77.2,2026-03-12
evt_001035,user_0283,course_423,mobile_ui_patterns,dropped,16.7,,2026-03-14
evt_001036,user_0283,course_407,android_development,completed,89.3,41.0,2026-03-23
evt_001037,user_0284,course_003,python_basics,completed,85.4,92.9,2026-02-21
evt_001038,user_0284,course_118,python_advanced,completed,89.6,62.5,2026-02-25
evt_001039,user_0284,course_121,pandas_numpy,completed,94.4,58.0,2026-03-11
evt_001040,user_0284,course_126,statistics,completed,96.1,64.5,2026-03-19
evt_001041,user_0285,course_015,sql_basics,completed,99.1,78.3,2026-03-06
evt_001042,user_0285,course_267,databases_basics,completed,95.0,88.0,2026-03-12
evt_001043,user_0285,course_392,database_administration,completed,96.1,41.8,2026-03-24
evt_001044,user_0285,course_397,database_tuning,completed,91.8,44.5,2026-04-10
evt_001045,user_0286,course_101,digital_marketing_fundamentals,dropped,36.1,,2026-01-02
evt_001046,user_0286,course_529,seo_fundamentals,completed,92.9,73.2,2026-02-04
evt_001047,user_0286,course_534,google_analytics,completed,92.5,62.5,2026-02-18
evt_001048,user_0286,course_539,google_ads,completed,97.4,44.4,2026-02-02
evt_001049,user_0287,course_004,python_basics,completed,92.7,69.4,2026-01-12
evt_001050,user_0287,course_019,html_css_basics,dropped,10.5,,2026-01-20
evt_001051,user_0287,course_056,manual_testing,completed,86.7,59.0,2026-01-02
evt_001052,user_0287,course_110,jira_basics,dropped,15.7,,2026-02-05
evt_001053,user_0287,course_428,test_automation,dropped,10.0,,2026-02-13
evt_001054,user_0287,course_234,javascript_basics,completed,89.6,53.4,2026-02-14
evt_001055,user_0287,course_244,react_basics,dropped,17.2,,2026-02-15
evt_001056,user_0288,course_003,python_basics,completed,90.1,59.5,2026-02-09
evt_001057,user_0288,course_015,sql_basics,completed,92.6,65.0,2026-02-12
evt_001058,user_0288,course_024,docker_basics,completed,89.9,87.0,2026-02-15
evt_001059,user_0288,course_074,stakeholder_management,completed,90.9,70.2,2026-02-22
evt_001060,user_0289,course_008,git_basics,dropped,10.8,,2026-03-12
evt_001061,user_0289,course_463,game_engine_basics,completed,94.7,40.5,2026-03-21
evt_001062,user_0290,course_016,html_css_basics,completed,96.3,67.7,2026-02-17
evt_001063,user_0290,course_025,docker_basics,completed,89.1,48.4,2026-02-20
evt_001064,user_0290,course_235,javascript_basics,dropped,23.7,,2026-02-28
evt_001065,user_0290,course_285,kubernetes_basics,completed,99.0,57.1,2026-02-01
evt_001066,user_0290,course_241,react_basics,completed,90.7,40.9,2026-03-15
evt_001067,user_0291,course_002,python_basics,completed,86.3,54.9,2026-02-10
evt_001068,user_0291,course_007,git_basics,completed,89.9,36.8,2026-02-11
evt_001069,user_0291,course_014,sql_basics,completed,91.2,56.1,2026-02-13
evt_001070,user_0291,course_021,docker_basics,completed,96.3,73.1,2026-02-14
evt_001071,user_0291,course_030,linux_basics,completed,89.0,55.7,2026-02-21
evt_001072,user_0291,course_261,rest_apis,dropped,27.2,,2026-02-01
evt_001073,user_0292,course_010,git_basics,dropped,31.7,,2026-01-13
evt_001074,user_0292,course_017,html_css_basics,completed,91.7,90.0,2026-01-18
evt_001075,user_0292,course_412,swift_basics,completed,87.5,50.9,2026-01-24
evt_001076,user_0293,course_001,python_basics,completed,99.4,75.3,2026-02-04
evt_001077,user_0293,course_032,networking_basics,dropped,37.3,,2026-03-05
evt_001078,user_0293,course_063,security_fundamentals,completed,100.0,89.8,2026-03-19
evt_001079,user_0293,course_265,rest_apis,dropped,30.9,,2026-03-24
evt_001080,user_0293,course_363,network_security,completed,86.8,44.1,2026-03-26
evt_001081,user_0293,course_373,identity_access_management,completed,92.6,87.1,2026-03-05
evt_001082,user_0294,course_018,html_css_basics,completed,89.1,78.0,2026-03-18
evt_001083,user_0294,course_022,docker_basics,completed,89.9,94.4,2026-03-26
evt_001084,user_0294,course_231,javascript_basics,completed,98.5,78.7,2026-04-08
evt_001085,user_0294,course_284,kubernetes_basics,completed,86.2,92.0,2026-04-21
evt_001086,user_0294,course_245,react_basics,completed,97.2,63.9,2026-04-22
evt_001087,user_0294,course_329,monitoring_observability,completed,90.8,89.5,2026-04-08
evt_001088,user_0294,course_256,web_performance,completed,99.0,63.9,2026-05-10
evt_001089,user_0295,course_103,digital_marketing_fundamentals,completed,90.4,40.8,2026-01-26
evt_001090,user_0295,course_528,seo_fundamentals,completed,88.5,67.1,2026-02-11
evt_001091,user_0295,course_533,google_analytics,completed,95.6,48.6,2026-02-19
evt_001092,user_0297,course_053,figma_basics,completed,87.6,47.6,2026-02-23
evt_001093,user_0297,course_445,ui_design_principles,completed,93.8,83.5,2026-03-05
evt_001094,user_0297,course_460,sketch_basics,completed,92.8,85.8,2026-03-19
evt_001095,user_0297,course_451,design_systems,completed,94.2,79.2,2026-03-03
evt_001096,user_0298,course_009,git_basics,completed,94.8,90.5,2026-03-12
evt_001097,user_0298,course_029,linux_basics,dropped,23.1,,2026-03-17
evt_001098,user_0298,course_305,ci_cd_basics,dropped,30.2,,2026-03-02
evt_001099,user_0298,course_309,jenkins_basics,completed,85.1,47.6,2026-04-11
evt_001100,user_0298,course_350,release_engineering,dropped,30.8,,2026-04-24
evt_001101,user_0299,course_021,docker_basics,completed,89.9,39.1,2026-02-21
evt_001102,user_0299,course_026,linux_basics,completed,85.4,86.8,2026-02-01
evt_001103,user_0300,course_001,python_basics,completed,90.1,38.5,2026-03-06
evt_001104,user_0300,course_012,sql_basics,completed,94.3,84.7,2026-03-08
evt_001105,user_0300,course_045,excel_basics,dropped,7.1,,2026-03-10
evt_001106,user_0300,course_048,r_basics,completed,96.7,39.0,2026-03-24
evt_001107,user_0300,course_121,pandas_numpy,completed,91.5,41.6,2026-03-01
evt_001108,user_0300,course_126,statistics,completed,91.0,75.1,2026-03-06
evt_001109,user_0300,course_145,power_bi,completed,85.2,60.0,2026-04-19
evt_001110,user_0300,course_150,tableau,dropped,27.8,,2026-04-01
evt_001111,user_0300,course_131,statistical_modeling_r,completed,93.8,42.0,2026-05-09
evt_001112,user_0300,course_136,data_wrangling,completed,87.9,72.3,2026-05-19
evt_001113,user_0300,course_153,machine_learning,completed,95.9,63.9,2026-05-25
